,duration,0,1,2,3,4,5,6,7,8,9,10,11,12,13,14,15,16,17,18,19,20,21,22,23,24,25,26,27,28,29,30,31,32,33,34,35,36,37,38,39,40,41,42,43,44,45,46,47,48,49,50,51,52,53,54,55,56,57,58,59,60,61,62,63,64,65,66,67,68,69,70,71,72,73,74,75,76,77,78,79,80,81,82,83,84,85,86,87,88,89,90,91,92,93,94,95,96,97,98,99
papago001,35.0,88.0,88.0,88.0,88.0,88.0,51.0,51.0,51.0,60.0,60.0,56.0,56.0,58.0,58.0,56.0,56.0,56.0,53.0,53.0,53.0,53.0,53.0,53.0,53.0,53.0,48.0,53.0,53.0,48.0,53.0,53.0,53.0,53.0,53.0,53.0,53.0,60.0,60.0,60.0,56.0,56.0,56.0,55.0,56.0,55.0,53.0,53.0,53.0,53.0,53.0,53.0,53.0,53.0,48.0,53.0,53.0,53.0,53.0,53.0,53.0,53.0,56.0,56.0,55.0,56.0,56.0,56.0,56.0,56.0,56.0,56.0,56.0,56.0,56.0,56.0,55.0,55.0,55.0,55.0,55.0,53.0,53.0,53.0,53.0,48.0,55.0,55.0,53.0,53.0,53.0,53.0,49.0,53.0,53.0,53.0,53.0,53.0,53.0,48.0,48.0
papago002,56.0,88.0,88.0,55.0,55.0,62.0,62.0,62.0,62.0,62.0,62.0,62.0,62.0,62.0,62.0,62.0,57.0,57.0,57.0,62.0,62.0,60.0,57.0,57.0,60.0,60.0,60.0,60.0,57.0,57.0,55.0,55.0,50.0,50.0,50.0,55.0,55.0,55.0,55.0,57.0,55.0,55.0,52.0,50.0,50.0,50.0,55.0,55.0,55.0,55.0,55.0,55.0,55.0,55.0,55.0,55.0,55.0,55.0,57.0,57.0,60.0,60.0,57.0,60.0,60.0,57.0,57.0,55.0,55.0,52.0,50.0,50.0,50.0,50.0,55.0,55.0,55.0,55.0,55.0,55.0,55.0,52.0,50.0,50.0,50.0,55.0,55.0,55.0,52.0,52.0,55.0,55.0,55.0,55.0,55.0,55.0,55.0,55.0,55.0,55.0,55.0
papago003,23.0,88.0,88.0,88.0,88.0,88.0,53.0,53.0,53.0,53.0,58.0,58.0,58.0,58.0,58.0,58.0,58.0,58.0,58.0,55.0,55.0,55.0,53.0,55.0,55.0,55.0,53.0,53.0,53.0,53.0,53.0,53.0,58.0,58.0,58.0,58.0,58.0,58.0,58.0,55.0,55.0,55.0,55.0,55.0,55.0,55.0,55.0,55.0,51.0,53.0,53.0,53.0,51.0,51.0,51.0,51.0,51.0,55.0,55.0,55.0,55.0,55.0,51.0,51.0,51.0,55.0,58.0,57.0,57.0,55.0,55.0,55.0,53.0,51.0,51.0,53.0,53.0,53.0,53.0,53.0,53.0,53.0,53.0,53.0,53.0,53.0,53.0,53.0,53.0,53.0,53.0,53.0,53.0,53.0,53.0,53.0,53.0,53.0,53.0,53.0,53.0
papago004,50.0,88.0,88.0,52.0,52.0,61.0,61.0,61.0,61.0,61.0,61.0,59.0,59.0,59.0,59.0,59.0,59.0,59.0,56.0,59.0,59.0,56.0,56.0,56.0,56.0,56.0,56.0,59.0,59.0,61.0,61.0,61.0,61.0,61.0,61.0,59.0,59.0,56.0,56.0,56.0,56.0,56.0,56.0,56.0,56.0,54.0,54.0,54.0,54.0,54.0,54.0,52.0,52.0,52.0,49.0,52.0,52.0,49.0,49.0,49.0,49.0,49.0,49.0,52.0,52.0,52.0,52.0,54.0,52.0,52.0,52.0,52.0,52.0,49.0,49.0,49.0,49.0,52.0,52.0,52.0,52.0,52.0,52.0,52.0,52.0,52.0,52.0,49.0,49.0,52.0,52.0,52.0,52.0,52.0,52.0,52.0,52.0,52.0,52.0,59.0,59.0
papago005,44.0,88.0,88.0,88.0,55.0,62.0,62.0,62.0,62.0,62.0,62.0,62.0,62.0,62.0,62.0,62.0,62.0,60.0,57.0,60.0,60.0,57.0,57.0,57.0,52.0,57.0,60.0,60.0,57.0,57.0,55.0,55.0,55.0,50.0,50.0,55.0,55.0,57.0,57.0,55.0,57.0,55.0,55.0,55.0,55.0,55.0,55.0,55.0,55.0,52.0,50.0,55.0,55.0,55.0,55.0,55.0,55.0,55.0,55.0,55.0,62.0,62.0,60.0,57.0,60.0,60.0,57.0,57.0,57.0,52.0,57.0,60.0,60.0,57.0,57.0,55.0,55.0,55.0,50.0,50.0,55.0,55.0,57.0,57.0,55.0,57.0,55.0,55.0,55.0,55.0,55.0,55.0,55.0,55.0,52.0,50.0,55.0,55.0,55.0,55.0,55.0
papago006,31.5,88.0,88.0,88.0,88.0,60.0,60.0,60.0,60.0,60.0,60.0,60.0,60.0,60.0,60.0,60.0,60.0,60.0,60.0,58.0,56.0,56.0,58.0,58.0,58.0,56.0,56.0,56.0,56.0,56.0,56.0,60.0,60.0,60.0,58.0,58.0,58.0,58.0,56.0,53.0,53.0,56.0,56.0,56.0,56.0,58.0,58.0,56.0,56.0,53.0,51.0,51.0,51.0,51.0,51.0,51.0,56.0,56.0,56.0,56.0,51.0,51.0,51.0,53.0,51.0,51.0,51.0,51.0,51.0,51.0,51.0,51.0,51.0,51.0,51.0,51.0,51.0,51.0,51.0,51.0,51.0,51.0,51.0,51.0,51.0,51.0,51.0,51.0,51.0,51.0,51.0,58.0,58.0,58.0,58.0,58.0,58.0,56.0,56.0,53.0,53.0
papago007,36.0,88.0,88.0,88.0,51.0,51.0,51.0,51.0,51.0,51.0,54.0,54.0,54.0,54.0,54.0,54.0,54.0,54.0,53.0,53.0,54.0,56.0,56.0,54.0,54.0,54.0,53.0,53.0,53.0,53.0,54.0,53.0,51.0,51.0,51.0,51.0,51.0,51.0,51.0,51.0,51.0,51.0,51.0,51.0,51.0,51.0,51.0,51.0,51.0,51.0,51.0,54.0,54.0,54.0,54.0,54.0,54.0,54.0,54.0,53.0,53.0,54.0,56.0,56.0,54.0,54.0,54.0,53.0,53.0,53.0,53.0,53.0,53.0,51.0,51.0,51.0,51.0,51.0,51.0,51.0,51.0,51.0,51.0,51.0,51.0,51.0,51.0,46.0,46.0,51.0,51.0,51.0,51.0,51.0,51.0,51.0,51.0,51.0,51.0,51.0,51.0
papago008,69.0,88.0,88.0,60.0,60.0,60.0,60.0,60.0,60.0,55.0,55.0,55.0,60.0,60.0,55.0,55.0,53.0,50.0,50.0,55.0,53.0,53.0,50.0,53.0,53.0,50.0,53.0,53.0,53.0,60.0,60.0,60.0,60.0,60.0,57.0,55.0,55.0,60.0,60.0,60.0,55.0,55.0,50.0,50.0,50.0,55.0,53.0,50.0,50.0,53.0,53.0,53.0,53.0,53.0,57.0,57.0,57.0,57.0,57.0,57.0,57.0,57.0,55.0,53.0,50.0,50.0,55.0,55.0,53.0,55.0,53.0,53.0,50.0,48.0,48.0,48.0,50.0,48.0,48.0,48.0,48.0,48.0,48.0,48.0,48.0,48.0,53.0,50.0,55.0,53.0,50.0,50.0,53.0,53.0,50.0,53.0,53.0,53.0,53.0,48.0,48.0
papago009,39.0,88.0,88.0,88.0,51.0,51.0,51.0,58.0,58.0,58.0,58.0,58.0,58.0,58.0,58.0,58.0,58.0,59.0,59.0,58.0,58.0,53.0,54.0,54.0,54.0,54.0,54.0,53.0,53.0,53.0,53.0,53.0,58.0,58.0,59.0,59.0,59.0,58.0,58.0,58.0,54.0,54.0,53.0,53.0,53.0,54.0,54.0,53.0,51.0,47.0,51.0,51.0,51.0,51.0,51.0,47.0,46.0,46.0,46.0,46.0,51.0,47.0,53.0,53.0,54.0,51.0,51.0,51.0,51.0,51.0,51.0,51.0,51.0,46.0,46.0,51.0,51.0,51.0,51.0,51.0,47.0,46.0,46.0,51.0,51.0,51.0,51.0,51.0,51.0,51.0,51.0,51.0,51.0,51.0,51.0,51.0,51.0,51.0,51.0,51.0,51.0
papago010,63.0,88.0,88.0,56.0,56.0,56.0,56.0,56.0,56.0,56.0,56.0,56.0,56.0,56.0,56.0,56.0,51.0,54.0,54.0,51.0,51.0,51.0,56.0,54.0,54.0,51.0,51.0,54.0,54.0,51.0,56.0,56.0,51.0,51.0,49.0,47.0,49.0,49.0,47.0,47.0,47.0,51.0,49.0,47.0,47.0,47.0,47.0,47.0,42.0,49.0,49.0,49.0,49.0,49.0,49.0,49.0,49.0,49.0,49.0,49.0,54.0,51.0,49.0,49.0,49.0,49.0,49.0,54.0,54.0,54.0,54.0,47.0,49.0,49.0,47.0,47.0,47.0,49.0,49.0,47.0,51.0,47.0,47.0,47.0,47.0,49.0,49.0,49.0,49.0,47.0,47.0,49.0,49.0,49.0,49.0,49.0,49.0,49.0,49.0,49.0,49.0
papago011,40.0,88.0,88.0,88.0,51.0,51.0,58.0,58.0,58.0,58.0,58.0,58.0,58.0,58.0,58.0,58.0,58.0,58.0,58.0,58.0,58.0,54.0,54.0,53.0,53.0,53.0,58.0,58.0,58.0,59.0,59.0,58.0,58.0,58.0,58.0,54.0,54.0,51.0,51.0,53.0,53.0,51.0,51.0,51.0,47.0,46.0,46.0,46.0,46.0,51.0,51.0,51.0,47.0,51.0,51.0,47.0,51.0,51.0,47.0,47.0,46.0,46.0,46.0,51.0,51.0,51.0,54.0,54.0,54.0,54.0,54.0,53.0,53.0,51.0,51.0,51.0,51.0,51.0,53.0,53.0,53.0,51.0,51.0,53.0,53.0,53.0,51.0,51.0,51.0,47.0,47.0,51.0,51.0,51.0,51.0,51.0,51.0,51.0,51.0,51.0,51.0
papago012,58.5,88.0,88.0,53.0,53.0,55.0,56.0,53.0,53.0,53.0,50.0,53.0,55.0,55.0,53.0,48.0,48.0,48.0,48.0,48.0,53.0,48.0,48.0,49.0,48.0,53.0,53.0,53.0,53.0,53.0,53.0,53.0,55.0,56.0,53.0,53.0,53.0,50.0,53.0,53.0,55.0,53.0,48.0,48.0,48.0,48.0,48.0,53.0,48.0,48.0,48.0,48.0,53.0,53.0,53.0,53.0,53.0,55.0,55.0,55.0,53.0,55.0,55.0,55.0,55.0,49.0,49.0,49.0,55.0,55.0,49.0,49.0,49.0,49.0,53.0,53.0,53.0,53.0,55.0,55.0,55.0,53.0,55.0,55.0,55.0,55.0,53.0,49.0,49.0,55.0,55.0,49.0,49.0,49.0,49.0,53.0,53.0,53.0,53.0,53.0,53.0
papago013,64.5,88.0,88.0,58.0,58.0,58.0,58.0,56.0,53.0,51.0,53.0,49.0,49.0,49.0,49.0,49.0,49.0,49.0,49.0,46.0,44.0,44.0,49.0,49.0,53.0,51.0,49.0,49.0,51.0,51.0,51.0,51.0,51.0,53.0,53.0,53.0,53.0,51.0,51.0,53.0,53.0,53.0,51.0,51.0,51.0,56.0,56.0,53.0,51.0,51.0,49.0,46.0,46.0,46.0,51.0,51.0,49.0,46.0,46.0,49.0,49.0,49.0,49.0,49.0,49.0,49.0,49.0,49.0,49.0,46.0,46.0,49.0,49.0,49.0,49.0,49.0,51.0,51.0,51.0,51.0,51.0,51.0,49.0,49.0,51.0,51.0,51.0,49.0,51.0,51.0,51.0,51.0,51.0,51.0,51.0,51.0,51.0,51.0,51.0,51.0,51.0
papago014,29.0,88.0,88.0,88.0,88.0,51.0,51.0,51.0,60.0,60.0,60.0,60.0,60.0,60.0,60.0,60.0,60.0,58.0,58.0,56.0,56.0,56.0,53.0,53.0,53.0,56.0,56.0,53.0,53.0,53.0,53.0,53.0,53.0,53.0,53.0,53.0,58.0,58.0,56.0,58.0,58.0,58.0,58.0,58.0,58.0,58.0,56.0,56.0,56.0,51.0,51.0,51.0,51.0,48.0,48.0,48.0,51.0,48.0,48.0,48.0,48.0,48.0,48.0,48.0,48.0,48.0,53.0,53.0,53.0,53.0,53.0,53.0,53.0,53.0,53.0,53.0,53.0,55.0,53.0,53.0,51.0,51.0,51.0,48.0,48.0,46.0,46.0,55.0,53.0,53.0,53.0,53.0,53.0,53.0,53.0,53.0,53.0,53.0,53.0,53.0,53.0
papago015,95.0,88.0,88.0,59.0,58.0,59.0,52.0,52.0,52.0,59.0,52.0,52.0,54.0,52.0,54.0,50.0,47.0,50.0,47.0,47.0,47.0,52.0,52.0,52.0,50.0,50.0,50.0,52.0,52.0,52.0,50.0,52.0,52.0,52.0,52.0,52.0,59.0,58.0,59.0,52.0,52.0,52.0,59.0,52.0,52.0,54.0,54.0,54.0,50.0,47.0,50.0,47.0,47.0,47.0,47.0,52.0,52.0,52.0,50.0,50.0,52.0,52.0,52.0,52.0,52.0,52.0,52.0,52.0,47.0,52.0,52.0,52.0,52.0,52.0,48.0,45.0,45.0,50.0,52.0,52.0,47.0,47.0,47.0,47.0,47.0,52.0,52.0,52.0,50.0,50.0,52.0,52.0,52.0,52.0,52.0,52.0,52.0,52.0,52.0,52.0,52.0
papago016,61.0,88.0,88.0,58.0,58.0,62.0,62.0,62.0,60.0,60.0,58.0,58.0,58.0,58.0,55.0,53.0,53.0,53.0,58.0,60.0,60.0,60.0,58.0,58.0,60.0,58.0,58.0,58.0,58.0,53.0,53.0,53.0,58.0,58.0,58.0,58.0,58.0,60.0,58.0,58.0,58.0,58.0,60.0,58.0,60.0,58.0,58.0,58.0,58.0,58.0,62.0,62.0,62.0,60.0,60.0,58.0,53.0,53.0,53.0,53.0,53.0,53.0,53.0,60.0,60.0,58.0,60.0,60.0,58.0,58.0,58.0,58.0,58.0,58.0,58.0,58.0,60.0,60.0,60.0,58.0,58.0,58.0,58.0,58.0,58.0,58.0,58.0,58.0,58.0,60.0,58.0,58.0,58.0,58.0,60.0,58.0,58.0,58.0,58.0,58.0,58.0
papago017,64.5,88.0,88.0,62.0,62.0,62.0,58.0,58.0,58.0,55.0,58.0,58.0,55.0,58.0,53.0,53.0,53.0,53.0,53.0,53.0,53.0,53.0,53.0,53.0,53.0,50.0,48.0,48.0,53.0,53.0,50.0,48.0,48.0,50.0,50.0,50.0,50.0,62.0,60.0,62.0,58.0,58.0,58.0,58.0,55.0,58.0,60.0,58.0,58.0,53.0,53.0,53.0,53.0,55.0,53.0,53.0,53.0,53.0,53.0,53.0,53.0,50.0,48.0,53.0,53.0,50.0,50.0,48.0,50.0,50.0,50.0,50.0,55.0,55.0,55.0,53.0,53.0,53.0,53.0,55.0,53.0,53.0,53.0,53.0,53.0,53.0,53.0,53.0,50.0,50.0,48.0,53.0,53.0,50.0,48.0,48.0,50.0,50.0,50.0,50.0,50.0
papago018,68.25,88.0,88.0,61.0,61.0,61.0,59.0,57.0,57.0,57.0,59.0,59.0,59.0,57.0,57.0,54.0,54.0,54.0,54.0,54.0,54.0,54.0,52.0,49.0,54.0,54.0,54.0,54.0,52.0,49.0,49.0,54.0,54.0,54.0,54.0,54.0,54.0,54.0,54.0,61.0,61.0,61.0,59.0,59.0,57.0,57.0,59.0,59.0,59.0,59.0,57.0,54.0,52.0,54.0,54.0,54.0,54.0,54.0,52.0,52.0,54.0,54.0,54.0,54.0,52.0,52.0,49.0,54.0,54.0,54.0,54.0,54.0,54.0,57.0,59.0,59.0,59.0,57.0,54.0,54.0,54.0,54.0,54.0,54.0,54.0,54.0,52.0,54.0,54.0,54.0,54.0,54.0,52.0,49.0,49.0,54.0,54.0,54.0,54.0,54.0,54.0
papago019,65.0,88.0,88.0,61.0,61.0,61.0,60.0,58.0,58.0,61.0,61.0,61.0,60.0,58.0,58.0,58.0,58.0,58.0,58.0,53.0,58.0,58.0,58.0,58.0,58.0,58.0,53.0,52.0,52.0,53.0,53.0,53.0,53.0,61.0,61.0,61.0,61.0,58.0,58.0,58.0,61.0,61.0,61.0,58.0,58.0,53.0,58.0,58.0,58.0,58.0,58.0,58.0,58.0,58.0,58.0,58.0,53.0,53.0,52.0,53.0,53.0,53.0,53.0,53.0,53.0,58.0,58.0,58.0,58.0,58.0,58.0,58.0,58.0,58.0,58.0,53.0,52.0,52.0,53.0,53.0,53.0,53.0,53.0,53.0,58.0,58.0,58.0,58.0,58.0,58.0,58.0,58.0,58.0,53.0,52.0,52.0,53.0,53.0,53.0,53.0,53.0
papago020,33.5,88.0,88.0,88.0,58.0,58.0,58.0,58.0,58.0,53.0,58.0,58.0,58.0,58.0,58.0,53.0,53.0,49.0,53.0,53.0,53.0,49.0,49.0,49.0,54.0,54.0,54.0,54.0,53.0,49.0,53.0,53.0,53.0,49.0,46.0,46.0,46.0,46.0,46.0,46.0,48.0,48.0,46.0,46.0,46.0,46.0,46.0,46.0,46.0,46.0,46.0,46.0,46.0,46.0,46.0,54.0,54.0,54.0,54.0,53.0,53.0,49.0,49.0,49.0,49.0,48.0,48.0,46.0,46.0,46.0,46.0,46.0,46.0,46.0,46.0,46.0,46.0,48.0,46.0,46.0,46.0,46.0,46.0,46.0,46.0,46.0,46.0,46.0,46.0,46.0,46.0,46.0,46.0,46.0,46.0,46.0,46.0,46.0,46.0,46.0,46.0
papago021,36.0,88.0,88.0,88.0,51.0,51.0,51.0,58.0,58.0,54.0,58.0,58.0,53.0,53.0,53.0,54.0,53.0,51.0,51.0,51.0,51.0,51.0,51.0,51.0,51.0,51.0,54.0,54.0,54.0,58.0,58.0,54.0,58.0,58.0,53.0,53.0,53.0,54.0,53.0,51.0,51.0,51.0,51.0,51.0,51.0,51.0,51.0,51.0,53.0,53.0,53.0,53.0,51.0,51.0,53.0,51.0,51.0,51.0,51.0,53.0,51.0,51.0,51.0,51.0,51.0,51.0,51.0,51.0,51.0,51.0,51.0,51.0,51.0,53.0,53.0,53.0,53.0,51.0,53.0,51.0,51.0,51.0,51.0,53.0,53.0,51.0,51.0,51.0,51.0,51.0,51.0,51.0,51.0,51.0,51.0,51.0,51.0,51.0,51.0,51.0,51.0
papago022,37.0,88.0,88.0,88.0,60.0,60.0,60.0,60.0,60.0,60.0,60.0,60.0,58.0,58.0,55.0,55.0,55.0,55.0,60.0,60.0,62.0,62.0,62.0,60.0,60.0,60.0,60.0,60.0,58.0,58.0,58.0,55.0,55.0,55.0,58.0,58.0,60.0,60.0,60.0,60.0,60.0,60.0,60.0,58.0,55.0,55.0,55.0,55.0,55.0,55.0,58.0,58.0,58.0,58.0,55.0,55.0,55.0,55.0,55.0,53.0,53.0,53.0,53.0,53.0,50.0,50.0,53.0,53.0,55.0,55.0,55.0,55.0,55.0,55.0,57.0,55.0,55.0,55.0,55.0,53.0,50.0,50.0,50.0,50.0,55.0,55.0,55.0,53.0,53.0,53.0,50.0,50.0,53.0,53.0,53.0,53.0,50.0,50.0,53.0,53.0,53.0
papago023,28.0,88.0,88.0,88.0,88.0,53.0,53.0,53.0,53.0,60.0,60.0,60.0,60.0,60.0,60.0,60.0,60.0,60.0,60.0,60.0,60.0,60.0,60.0,60.0,60.0,60.0,60.0,60.0,60.0,60.0,58.0,58.0,55.0,55.0,55.0,55.0,55.0,60.0,60.0,60.0,60.0,60.0,60.0,60.0,58.0,58.0,55.0,55.0,55.0,55.0,55.0,55.0,55.0,55.0,55.0,57.0,55.0,55.0,53.0,53.0,53.0,53.0,50.0,48.0,48.0,48.0,48.0,48.0,48.0,53.0,53.0,53.0,53.0,53.0,53.0,53.0,50.0,50.0,50.0,55.0,55.0,55.0,55.0,53.0,53.0,53.0,50.0,50.0,50.0,50.0,53.0,53.0,53.0,50.0,50.0,50.0,50.0,53.0,53.0,53.0,53.0
papago024,43.0,88.0,88.0,88.0,57.0,57.0,57.0,57.0,63.0,63.0,61.0,59.0,59.0,59.0,58.0,56.0,56.0,56.0,56.0,52.0,56.0,56.0,56.0,56.0,56.0,58.0,56.0,56.0,56.0,56.0,56.0,56.0,56.0,56.0,56.0,56.0,56.0,56.0,59.0,59.0,59.0,59.0,59.0,61.0,61.0,59.0,58.0,58.0,58.0,56.0,56.0,56.0,56.0,56.0,56.0,56.0,56.0,56.0,56.0,58.0,58.0,56.0,56.0,52.0,56.0,52.0,56.0,56.0,56.0,56.0,56.0,56.0,56.0,56.0,56.0,57.0,57.0,57.0,56.0,56.0,56.0,56.0,56.0,56.0,56.0,56.0,56.0,56.0,56.0,57.0,57.0,57.0,56.0,56.0,56.0,56.0,56.0,56.0,56.0,56.0,56.0
papago025,27.0,88.0,88.0,88.0,88.0,56.0,56.0,56.0,56.0,63.0,63.0,63.0,59.0,59.0,59.0,59.0,58.0,58.0,58.0,58.0,56.0,56.0,56.0,56.0,56.0,52.0,52.0,56.0,56.0,56.0,56.0,58.0,58.0,56.0,56.0,56.0,56.0,52.0,56.0,56.0,56.0,52.0,51.0,51.0,51.0,51.0,51.0,51.0,51.0,56.0,56.0,52.0,52.0,56.0,56.0,56.0,56.0,56.0,56.0,56.0,58.0,58.0,56.0,56.0,56.0,56.0,56.0,56.0,56.0,52.0,52.0,56.0,56.0,56.0,56.0,56.0,56.0,56.0,51.0,51.0,51.0,51.0,54.0,54.0,52.0,52.0,51.0,51.0,51.0,51.0,51.0,51.0,51.0,51.0,51.0,51.0,51.0,51.0,51.0,51.0,51.0
papago026,41.0,88.0,88.0,88.0,57.0,57.0,57.0,57.0,57.0,57.0,57.0,59.0,57.0,57.0,56.0,56.0,56.0,54.0,56.0,56.0,56.0,54.0,54.0,54.0,54.0,54.0,54.0,54.0,49.0,49.0,49.0,49.0,49.0,57.0,57.0,57.0,57.0,57.0,57.0,57.0,59.0,57.0,57.0,56.0,56.0,56.0,54.0,56.0,56.0,56.0,54.0,54.0,54.0,54.0,54.0,54.0,54.0,49.0,49.0,49.0,49.0,49.0,54.0,54.0,54.0,54.0,54.0,56.0,54.0,54.0,54.0,54.0,54.0,54.0,54.0,54.0,49.0,49.0,49.0,49.0,49.0,54.0,54.0,54.0,54.0,54.0,56.0,54.0,54.0,54.0,54.0,54.0,54.0,54.0,54.0,54.0,49.0,49.0,49.0,49.0,49.0
papago027,45.0,88.0,88.0,88.0,54.0,54.0,61.0,61.0,61.0,61.0,61.0,61.0,63.0,63.0,61.0,61.0,59.0,56.0,56.0,54.0,54.0,54.0,54.0,56.0,56.0,56.0,54.0,54.0,54.0,54.0,54.0,54.0,54.0,54.0,54.0,54.0,54.0,61.0,61.0,61.0,61.0,61.0,61.0,63.0,61.0,61.0,61.0,59.0,56.0,56.0,54.0,54.0,54.0,54.0,56.0,56.0,54.0,54.0,54.0,54.0,54.0,54.0,54.0,54.0,54.0,54.0,52.0,56.0,56.0,56.0,59.0,56.0,59.0,54.0,56.0,56.0,56.0,51.0,54.0,54.0,54.0,54.0,54.0,56.0,56.0,56.0,52.0,54.0,54.0,52.0,52.0,49.0,54.0,54.0,54.0,54.0,54.0,54.0,54.0,54.0,54.0
papago028,28.0,88.0,88.0,88.0,88.0,55.0,55.0,62.0,62.0,62.0,62.0,62.0,60.0,60.0,57.0,57.0,53.0,57.0,57.0,57.0,57.0,57.0,57.0,57.0,55.0,55.0,55.0,55.0,55.0,55.0,55.0,55.0,55.0,62.0,62.0,62.0,60.0,62.0,62.0,62.0,62.0,62.0,62.0,62.0,62.0,62.0,60.0,57.0,57.0,57.0,55.0,57.0,57.0,55.0,55.0,55.0,55.0,55.0,55.0,55.0,55.0,55.0,57.0,60.0,60.0,60.0,60.0,60.0,60.0,62.0,60.0,60.0,60.0,60.0,57.0,57.0,55.0,55.0,52.0,57.0,57.0,57.0,57.0,57.0,57.0,57.0,57.0,57.0,57.0,57.0,57.0,57.0,57.0,55.0,55.0,55.0,55.0,55.0,55.0,55.0,55.0
papago029,45.25,88.0,88.0,88.0,61.0,61.0,57.0,57.0,56.0,57.0,56.0,54.0,54.0,56.0,54.0,54.0,49.0,54.0,54.0,54.0,54.0,54.0,54.0,54.0,54.0,49.0,54.0,54.0,54.0,54.0,54.0,54.0,54.0,54.0,54.0,54.0,54.0,61.0,61.0,57.0,57.0,57.0,57.0,56.0,54.0,54.0,54.0,54.0,54.0,49.0,54.0,54.0,54.0,54.0,54.0,54.0,54.0,54.0,49.0,54.0,54.0,54.0,54.0,54.0,54.0,54.0,54.0,54.0,54.0,54.0,57.0,57.0,57.0,57.0,57.0,57.0,56.0,54.0,54.0,54.0,54.0,54.0,49.0,54.0,54.0,54.0,54.0,54.0,54.0,54.0,54.0,54.0,54.0,54.0,54.0,54.0,54.0,54.0,54.0,54.0,54.0
papago030,28.0,88.0,88.0,88.0,88.0,54.0,54.0,54.0,54.0,61.0,61.0,61.0,61.0,61.0,57.0,57.0,61.0,61.0,61.0,57.0,57.0,57.0,57.0,57.0,56.0,56.0,57.0,57.0,57.0,57.0,56.0,56.0,54.0,54.0,54.0,54.0,54.0,56.0,54.0,54.0,54.0,54.0,54.0,54.0,54.0,54.0,54.0,54.0,54.0,54.0,54.0,49.0,49.0,49.0,49.0,49.0,49.0,49.0,54.0,54.0,54.0,54.0,56.0,56.0,56.0,54.0,54.0,54.0,54.0,57.0,57.0,57.0,57.0,57.0,57.0,57.0,56.0,56.0,54.0,56.0,54.0,54.0,54.0,54.0,54.0,54.0,54.0,54.0,54.0,54.0,54.0,54.0,54.0,49.0,49.0,49.0,49.0,49.0,49.0,49.0,49.0
papago031,27.0,88.0,88.0,88.0,88.0,60.0,60.0,60.0,60.0,60.0,60.0,61.0,60.0,60.0,60.0,60.0,60.0,60.0,61.0,61.0,60.0,60.0,60.0,60.0,60.0,55.0,55.0,56.0,55.0,55.0,55.0,55.0,55.0,50.0,55.0,55.0,55.0,55.0,55.0,55.0,50.0,50.0,55.0,55.0,55.0,55.0,55.0,55.0,55.0,55.0,55.0,55.0,55.0,55.0,55.0,55.0,55.0,55.0,50.0,50.0,55.0,55.0,55.0,55.0,55.0,55.0,55.0,55.0,55.0,50.0,50.0,55.0,55.0,55.0,55.0,55.0,55.0,55.0,55.0,55.0,55.0,55.0,55.0,55.0,59.0,59.0,57.0,57.0,55.0,57.0,57.0,55.0,55.0,57.0,57.0,55.0,55.0,57.0,57.0,57.0,57.0
papago032,33.0,88.0,88.0,88.0,62.0,62.0,62.0,61.0,61.0,61.0,57.0,57.0,59.0,57.0,57.0,57.0,54.0,54.0,49.0,54.0,54.0,54.0,54.0,54.0,54.0,54.0,54.0,54.0,61.0,61.0,61.0,57.0,57.0,57.0,56.0,56.0,54.0,54.0,54.0,49.0,54.0,54.0,54.0,54.0,54.0,54.0,54.0,54.0,54.0,61.0,61.0,61.0,57.0,57.0,57.0,57.0,57.0,56.0,57.0,57.0,57.0,56.0,56.0,56.0,54.0,56.0,56.0,54.0,54.0,54.0,54.0,54.0,54.0,54.0,54.0,54.0,54.0,54.0,54.0,56.0,54.0,54.0,54.0,54.0,54.0,54.0,54.0,54.0,54.0,54.0,54.0,54.0,54.0,54.0,54.0,54.0,54.0,54.0,54.0,54.0,54.0
papago033,17.0,88.0,88.0,88.0,88.0,88.0,88.0,55.0,55.0,55.0,57.0,57.0,57.0,62.0,62.0,62.0,62.0,62.0,59.0,59.0,59.0,59.0,55.0,55.0,55.0,57.0,57.0,57.0,57.0,55.0,55.0,57.0,55.0,55.0,57.0,57.0,57.0,57.0,57.0,57.0,57.0,57.0,57.0,57.0,57.0,57.0,57.0,55.0,55.0,55.0,55.0,55.0,55.0,55.0,57.0,57.0,57.0,57.0,57.0,57.0,59.0,59.0,59.0,59.0,57.0,57.0,57.0,57.0,57.0,57.0,55.0,59.0,59.0,59.0,59.0,59.0,57.0,57.0,57.0,57.0,57.0,57.0,57.0,57.0,57.0,57.0,57.0,57.0,57.0,57.0,57.0,57.0,57.0,57.0,57.0,57.0,57.0,57.0,57.0,57.0,57.0
papago034,19.0,88.0,88.0,88.0,88.0,88.0,88.0,58.0,58.0,58.0,58.0,58.0,58.0,58.0,58.0,58.0,58.0,58.0,58.0,58.0,55.0,55.0,57.0,57.0,57.0,57.0,57.0,57.0,57.0,57.0,57.0,57.0,57.0,58.0,58.0,58.0,58.0,58.0,58.0,58.0,58.0,58.0,58.0,58.0,58.0,58.0,55.0,55.0,57.0,57.0,57.0,57.0,57.0,57.0,57.0,57.0,57.0,57.0,57.0,57.0,57.0,57.0,57.0,57.0,57.0,55.0,55.0,55.0,55.0,55.0,55.0,55.0,55.0,55.0,55.0,55.0,55.0,55.0,55.0,55.0,57.0,57.0,57.0,57.0,57.0,57.0,55.0,55.0,55.0,55.0,55.0,55.0,55.0,55.0,55.0,55.0,55.0,55.0,55.0,55.0,55.0
papago035,22.0,88.0,88.0,88.0,88.0,88.0,88.0,88.0,88.0,88.0,55.0,55.0,55.0,55.0,62.0,62.0,62.0,57.0,57.0,57.0,57.0,55.0,55.0,57.0,57.0,55.0,55.0,55.0,55.0,55.0,55.0,55.0,57.0,57.0,55.0,55.0,57.0,57.0,57.0,57.0,57.0,57.0,60.0,60.0,57.0,60.0,60.0,60.0,55.0,55.0,55.0,55.0,55.0,52.0,55.0,55.0,55.0,50.0,50.0,50.0,50.0,50.0,50.0,55.0,55.0,55.0,52.0,55.0,55.0,55.0,55.0,55.0,55.0,55.0,55.0,55.0,55.0,55.0,55.0,55.0,55.0,57.0,57.0,57.0,57.0,57.0,57.0,57.0,55.0,55.0,57.0,57.0,57.0,55.0,55.0,55.0,55.0,55.0,55.0,57.0,57.0
papago036,39.0,88.0,88.0,88.0,54.0,54.0,56.0,56.0,56.0,51.0,51.0,51.0,56.0,56.0,56.0,56.0,56.0,51.0,51.0,56.0,56.0,56.0,56.0,56.0,56.0,56.0,56.0,56.0,56.0,54.0,54.0,54.0,54.0,54.0,54.0,54.0,54.0,54.0,54.0,54.0,56.0,56.0,56.0,56.0,56.0,56.0,56.0,51.0,51.0,51.0,56.0,56.0,56.0,56.0,56.0,56.0,56.0,51.0,51.0,51.0,56.0,56.0,56.0,56.0,54.0,56.0,56.0,56.0,56.0,56.0,56.0,54.0,54.0,54.0,54.0,51.0,51.0,51.0,54.0,54.0,54.0,54.0,54.0,54.0,54.0,54.0,54.0,54.0,54.0,54.0,54.0,54.0,54.0,54.0,54.0,54.0,54.0,54.0,54.0,54.0,54.0
papago037,31.5,88.0,88.0,88.0,88.0,60.0,60.0,60.0,60.0,60.0,60.0,57.0,57.0,57.0,57.0,57.0,57.0,60.0,60.0,60.0,60.0,57.0,60.0,60.0,57.0,57.0,57.0,57.0,55.0,55.0,55.0,55.0,55.0,60.0,60.0,60.0,60.0,57.0,55.0,55.0,55.0,55.0,57.0,57.0,57.0,55.0,55.0,55.0,55.0,55.0,55.0,55.0,55.0,55.0,55.0,55.0,55.0,55.0,55.0,57.0,55.0,52.0,52.0,55.0,55.0,55.0,55.0,55.0,52.0,57.0,57.0,55.0,55.0,55.0,55.0,55.0,55.0,55.0,52.0,52.0,52.0,57.0,57.0,57.0,57.0,57.0,55.0,55.0,55.0,55.0,57.0,55.0,55.0,55.0,55.0,55.0,55.0,55.0,55.0,60.0,60.0
papago038,21.0,88.0,88.0,88.0,88.0,88.0,58.0,58.0,58.0,58.0,58.0,58.0,58.0,58.0,58.0,58.0,60.0,58.0,58.0,58.0,58.0,58.0,58.0,57.0,55.0,57.0,57.0,57.0,57.0,57.0,55.0,55.0,50.0,50.0,57.0,57.0,57.0,57.0,57.0,57.0,57.0,57.0,57.0,57.0,57.0,57.0,57.0,55.0,55.0,55.0,55.0,55.0,51.0,55.0,55.0,55.0,55.0,55.0,50.0,50.0,50.0,50.0,50.0,57.0,57.0,57.0,55.0,55.0,55.0,55.0,55.0,53.0,55.0,55.0,55.0,55.0,55.0,50.0,50.0,50.0,50.0,50.0,57.0,57.0,57.0,55.0,55.0,55.0,55.0,55.0,53.0,55.0,55.0,55.0,55.0,55.0,50.0,50.0,50.0,50.0,50.0
papago039,30.0,88.0,88.0,88.0,88.0,58.0,58.0,58.0,60.0,60.0,58.0,57.0,57.0,57.0,55.0,55.0,55.0,55.0,55.0,55.0,55.0,55.0,55.0,55.0,55.0,58.0,58.0,58.0,60.0,60.0,58.0,57.0,57.0,57.0,55.0,55.0,55.0,55.0,55.0,55.0,55.0,55.0,55.0,55.0,51.0,51.0,51.0,51.0,55.0,55.0,55.0,57.0,57.0,55.0,55.0,55.0,55.0,55.0,55.0,55.0,55.0,57.0,57.0,55.0,55.0,55.0,55.0,55.0,55.0,55.0,55.0,55.0,50.0,50.0,51.0,51.0,51.0,51.0,51.0,51.0,51.0,55.0,55.0,55.0,55.0,55.0,55.0,50.0,50.0,55.0,55.0,55.0,55.0,55.0,55.0,55.0,55.0,55.0,55.0,55.0,55.0
papago040,24.0,88.0,88.0,88.0,88.0,88.0,58.0,58.0,58.0,58.0,58.0,58.0,58.0,57.0,58.0,58.0,58.0,58.0,58.0,58.0,58.0,57.0,58.0,58.0,58.0,58.0,58.0,58.0,58.0,57.0,58.0,58.0,58.0,58.0,58.0,58.0,58.0,58.0,57.0,58.0,58.0,58.0,58.0,58.0,58.0,58.0,58.0,58.0,57.0,57.0,57.0,57.0,57.0,57.0,57.0,55.0,55.0,55.0,50.0,50.0,50.0,50.0,50.0,50.0,50.0,50.0,50.0,55.0,55.0,55.0,55.0,55.0,58.0,58.0,58.0,58.0,57.0,55.0,55.0,55.0,55.0,55.0,55.0,55.0,55.0,55.0,55.0,57.0,57.0,55.0,55.0,55.0,55.0,55.0,55.0,55.0,55.0,55.0,55.0,55.0,55.0
papago041,19.0,88.0,88.0,88.0,88.0,88.0,88.0,61.0,61.0,61.0,61.0,61.0,61.0,61.0,61.0,62.0,62.0,61.0,61.0,61.0,61.0,61.0,61.0,61.0,61.0,61.0,61.0,61.0,61.0,61.0,61.0,61.0,61.0,57.0,57.0,56.0,56.0,56.0,57.0,57.0,57.0,56.0,56.0,57.0,57.0,57.0,56.0,56.0,54.0,54.0,54.0,49.0,49.0,49.0,49.0,49.0,54.0,54.0,49.0,49.0,49.0,54.0,54.0,54.0,54.0,54.0,54.0,54.0,54.0,54.0,54.0,54.0,54.0,54.0,54.0,54.0,54.0,56.0,56.0,56.0,54.0,54.0,49.0,49.0,54.0,54.0,54.0,54.0,54.0,54.0,54.0,54.0,54.0,54.0,54.0,54.0,54.0,54.0,54.0,54.0,54.0
papago042,39.5,88.0,88.0,88.0,57.0,57.0,57.0,57.0,56.0,57.0,56.0,56.0,54.0,49.0,56.0,56.0,56.0,56.0,54.0,56.0,56.0,56.0,56.0,56.0,56.0,56.0,56.0,56.0,56.0,57.0,57.0,57.0,57.0,57.0,57.0,56.0,56.0,54.0,49.0,56.0,56.0,56.0,56.0,54.0,56.0,56.0,56.0,56.0,56.0,56.0,56.0,56.0,56.0,56.0,57.0,57.0,57.0,57.0,57.0,57.0,56.0,56.0,57.0,56.0,54.0,49.0,49.0,49.0,49.0,56.0,56.0,56.0,56.0,54.0,56.0,56.0,56.0,56.0,56.0,56.0,56.0,54.0,56.0,56.0,56.0,56.0,54.0,54.0,56.0,54.0,54.0,54.0,54.0,54.0,54.0,54.0,54.0,54.0,54.0,54.0,54.0
papago043,37.5,88.0,88.0,88.0,64.0,64.0,64.0,66.0,66.0,67.0,67.0,67.0,67.0,67.0,67.0,66.0,64.0,64.0,64.0,64.0,59.0,59.0,59.0,59.0,59.0,64.0,64.0,64.0,60.0,66.0,66.0,64.0,66.0,66.0,66.0,66.0,66.0,64.0,60.0,60.0,64.0,64.0,60.0,60.0,60.0,60.0,60.0,60.0,60.0,60.0,60.0,60.0,60.0,66.0,64.0,64.0,66.0,66.0,66.0,66.0,66.0,64.0,60.0,60.0,64.0,64.0,60.0,60.0,60.0,60.0,60.0,64.0,64.0,64.0,64.0,64.0,64.0,64.0,64.0,60.0,60.0,60.0,66.0,64.0,64.0,64.0,64.0,60.0,60.0,60.0,64.0,64.0,64.0,64.0,64.0,64.0,64.0,64.0,64.0,64.0,64.0
papago044,25.0,88.0,88.0,88.0,88.0,64.0,64.0,64.0,60.0,59.0,57.0,59.0,59.0,59.0,59.0,59.0,59.0,59.0,59.0,59.0,59.0,64.0,64.0,64.0,60.0,59.0,57.0,59.0,59.0,59.0,59.0,59.0,59.0,59.0,57.0,57.0,57.0,57.0,55.0,57.0,57.0,57.0,57.0,57.0,57.0,57.0,57.0,57.0,57.0,57.0,57.0,59.0,59.0,59.0,57.0,57.0,57.0,57.0,57.0,57.0,57.0,59.0,59.0,57.0,57.0,59.0,59.0,57.0,57.0,59.0,57.0,57.0,57.0,60.0,60.0,60.0,60.0,59.0,57.0,59.0,59.0,59.0,59.0,59.0,59.0,59.0,57.0,57.0,57.0,57.0,55.0,57.0,57.0,57.0,57.0,57.0,57.0,57.0,57.0,57.0,57.0
papago045,71.5,50.0,50.0,57.0,57.0,57.0,53.0,57.0,57.0,57.0,53.0,53.0,52.0,53.0,53.0,53.0,53.0,53.0,53.0,53.0,52.0,52.0,53.0,53.0,53.0,52.0,53.0,53.0,53.0,52.0,52.0,50.0,52.0,52.0,52.0,52.0,52.0,52.0,52.0,52.0,52.0,52.0,53.0,53.0,53.0,53.0,53.0,53.0,52.0,50.0,50.0,50.0,52.0,53.0,53.0,52.0,53.0,53.0,52.0,50.0,50.0,50.0,52.0,53.0,53.0,52.0,53.0,52.0,50.0,52.0,45.0,50.0,50.0,50.0,50.0,50.0,45.0,45.0,50.0,50.0,50.0,50.0,45.0,45.0,50.0,50.0,50.0,50.0,50.0,45.0,45.0,50.0,50.0,50.0,50.0,45.0,50.0,50.0,50.0,50.0,50.0
papago046,66.0,52.0,52.0,52.0,54.0,54.0,55.0,54.0,54.0,54.0,52.0,52.0,50.0,52.0,52.0,52.0,52.0,52.0,52.0,52.0,52.0,52.0,55.0,55.0,55.0,54.0,54.0,54.0,52.0,52.0,52.0,52.0,52.0,52.0,52.0,52.0,52.0,52.0,52.0,52.0,55.0,55.0,55.0,54.0,54.0,54.0,52.0,52.0,50.0,50.0,50.0,47.0,52.0,52.0,52.0,55.0,55.0,55.0,55.0,55.0,54.0,54.0,54.0,52.0,52.0,52.0,52.0,54.0,50.0,52.0,50.0,50.0,47.0,50.0,50.0,50.0,55.0,55.0,55.0,54.0,54.0,54.0,52.0,52.0,50.0,52.0,52.0,50.0,52.0,52.0,52.0,50.0,50.0,52.0,50.0,50.0,52.0,50.0,50.0,50.0,50.0
papago047,49.0,53.0,53.0,53.0,53.0,53.0,53.0,53.0,55.0,53.0,53.0,53.0,53.0,53.0,55.0,53.0,53.0,53.0,53.0,53.0,53.0,53.0,55.0,53.0,53.0,53.0,51.0,51.0,48.0,48.0,53.0,53.0,51.0,51.0,48.0,48.0,51.0,51.0,48.0,48.0,53.0,53.0,53.0,53.0,55.0,53.0,53.0,53.0,53.0,53.0,55.0,53.0,53.0,53.0,55.0,53.0,53.0,53.0,53.0,53.0,53.0,53.0,51.0,51.0,48.0,48.0,53.0,53.0,51.0,51.0,48.0,48.0,51.0,51.0,48.0,48.0,55.0,55.0,53.0,53.0,53.0,53.0,53.0,53.0,53.0,53.0,51.0,51.0,48.0,48.0,53.0,53.0,51.0,51.0,48.0,48.0,51.0,51.0,48.0,48.0,48.0
papago048,29.5,56.0,56.0,56.0,56.0,54.0,54.0,56.0,56.0,56.0,54.0,54.0,49.0,49.0,49.0,56.0,56.0,56.0,54.0,54.0,54.0,54.0,51.0,47.0,47.0,49.0,49.0,49.0,49.0,49.0,49.0,49.0,56.0,56.0,56.0,54.0,54.0,56.0,56.0,56.0,54.0,54.0,51.0,51.0,51.0,56.0,56.0,54.0,49.0,49.0,49.0,47.0,49.0,49.0,51.0,49.0,49.0,49.0,49.0,47.0,47.0,47.0,44.0,44.0,44.0,51.0,51.0,51.0,51.0,47.0,49.0,51.0,49.0,49.0,49.0,47.0,47.0,44.0,44.0,44.0,49.0,49.0,49.0,49.0,47.0,44.0,44.0,47.0,47.0,44.0,47.0,47.0,47.0,47.0,47.0,47.0,47.0,47.0,47.0,47.0,47.0
papago049,28.5,59.0,59.0,59.0,57.0,59.0,59.0,59.0,59.0,59.0,57.0,57.0,57.0,57.0,52.0,59.0,59.0,57.0,57.0,52.0,52.0,52.0,52.0,52.0,52.0,52.0,59.0,59.0,57.0,59.0,59.0,59.0,59.0,57.0,52.0,52.0,52.0,52.0,50.0,50.0,52.0,54.0,54.0,52.0,52.0,52.0,50.0,52.0,50.0,50.0,50.0,50.0,47.0,47.0,47.0,52.0,52.0,52.0,52.0,52.0,52.0,52.0,54.0,54.0,52.0,52.0,52.0,50.0,50.0,47.0,47.0,47.0,47.0,52.0,52.0,52.0,52.0,52.0,52.0,52.0,52.0,50.0,50.0,47.0,47.0,47.0,47.0,50.0,50.0,50.0,50.0,50.0,50.0,50.0,50.0,50.0,50.0,50.0,50.0,50.0,50.0
papago050,30.0,59.0,59.0,59.0,59.0,59.0,59.0,57.0,59.0,59.0,59.0,57.0,57.0,57.0,52.0,52.0,52.0,52.0,52.0,52.0,52.0,59.0,59.0,59.0,59.0,57.0,57.0,54.0,52.0,52.0,52.0,52.0,52.0,52.0,52.0,52.0,52.0,52.0,52.0,52.0,50.0,52.0,52.0,52.0,50.0,50.0,50.0,50.0,47.0,47.0,47.0,42.0,42.0,52.0,52.0,52.0,52.0,52.0,52.0,52.0,50.0,52.0,52.0,52.0,50.0,50.0,50.0,47.0,47.0,47.0,47.0,42.0,42.0,42.0,52.0,52.0,52.0,50.0,50.0,50.0,50.0,47.0,47.0,47.0,50.0,50.0,50.0,47.0,47.0,47.0,50.0,50.0,50.0,50.0,50.0,50.0,50.0,50.0,50.0,50.0,50.0
papago051,33.0,59.0,59.0,59.0,57.0,57.0,57.0,57.0,57.0,54.0,59.0,59.0,59.0,57.0,57.0,57.0,57.0,57.0,54.0,57.0,57.0,57.0,54.0,54.0,54.0,54.0,54.0,54.0,52.0,52.0,52.0,52.0,52.0,52.0,52.0,52.0,50.0,50.0,50.0,50.0,50.0,50.0,50.0,47.0,47.0,47.0,45.0,45.0,45.0,54.0,54.0,54.0,52.0,52.0,52.0,50.0,50.0,50.0,54.0,54.0,54.0,52.0,52.0,52.0,52.0,52.0,52.0,50.0,50.0,50.0,50.0,50.0,50.0,47.0,47.0,47.0,52.0,52.0,52.0,52.0,52.0,52.0,52.0,52.0,52.0,47.0,47.0,47.0,50.0,50.0,50.0,50.0,50.0,50.0,50.0,50.0,50.0,50.0,50.0,50.0,50.0
papago052,25.0,59.0,59.0,59.0,59.0,57.0,57.0,57.0,57.0,57.0,57.0,57.0,57.0,57.0,57.0,57.0,57.0,59.0,59.0,59.0,57.0,59.0,59.0,59.0,54.0,52.0,52.0,52.0,52.0,52.0,52.0,52.0,52.0,59.0,59.0,59.0,59.0,57.0,57.0,57.0,52.0,52.0,52.0,52.0,52.0,52.0,52.0,52.0,52.0,54.0,54.0,54.0,52.0,54.0,54.0,54.0,52.0,50.0,50.0,50.0,50.0,47.0,47.0,47.0,47.0,52.0,52.0,52.0,52.0,50.0,50.0,50.0,47.0,52.0,52.0,52.0,52.0,52.0,52.0,52.0,52.0,50.0,50.0,50.0,45.0,50.0,50.0,50.0,50.0,50.0,50.0,50.0,50.0,50.0,50.0,50.0,50.0,50.0,50.0,50.0,50.0
papago053,37.0,56.0,56.0,56.0,59.0,59.0,56.0,56.0,56.0,56.0,56.0,54.0,56.0,56.0,56.0,56.0,56.0,56.0,56.0,51.0,56.0,56.0,56.0,56.0,54.0,54.0,54.0,54.0,54.0,54.0,51.0,51.0,49.0,49.0,51.0,49.0,49.0,49.0,49.0,49.0,49.0,49.0,49.0,49.0,49.0,49.0,49.0,51.0,51.0,54.0,54.0,54.0,54.0,54.0,54.0,54.0,51.0,54.0,54.0,51.0,54.0,54.0,54.0,51.0,49.0,49.0,49.0,49.0,49.0,49.0,49.0,51.0,51.0,51.0,51.0,49.0,49.0,49.0,49.0,49.0,49.0,49.0,49.0,49.0,49.0,49.0,49.0,49.0,49.0,49.0,49.0,49.0,49.0,49.0,49.0,49.0,49.0,49.0,49.0,49.0,49.0
papago054,36.0,55.0,55.0,55.0,58.0,58.0,58.0,58.0,58.0,58.0,57.0,58.0,57.0,57.0,57.0,57.0,57.0,55.0,55.0,55.0,55.0,55.0,55.0,55.0,55.0,55.0,51.0,51.0,51.0,58.0,58.0,58.0,58.0,58.0,58.0,58.0,57.0,58.0,58.0,58.0,57.0,57.0,57.0,57.0,57.0,57.0,57.0,57.0,55.0,55.0,51.0,55.0,55.0,55.0,55.0,55.0,51.0,51.0,51.0,51.0,51.0,51.0,57.0,57.0,57.0,57.0,57.0,55.0,55.0,55.0,55.0,55.0,51.0,55.0,55.0,55.0,55.0,55.0,51.0,51.0,51.0,51.0,51.0,51.0,55.0,55.0,51.0,55.0,55.0,55.0,55.0,55.0,55.0,55.0,55.0,55.0,55.0,55.0,55.0,55.0,55.0
papago055,29.0,50.0,50.0,50.0,50.0,55.0,55.0,55.0,55.0,55.0,55.0,57.0,58.0,58.0,58.0,57.0,57.0,57.0,55.0,57.0,57.0,57.0,55.0,55.0,55.0,57.0,57.0,55.0,57.0,57.0,57.0,57.0,57.0,57.0,55.0,55.0,58.0,58.0,58.0,57.0,57.0,57.0,57.0,57.0,57.0,55.0,55.0,55.0,55.0,57.0,55.0,55.0,55.0,55.0,55.0,55.0,55.0,55.0,55.0,55.0,55.0,55.0,55.0,55.0,55.0,55.0,57.0,55.0,55.0,55.0,55.0,55.0,55.0,55.0,55.0,55.0,55.0,55.0,55.0,55.0,51.0,51.0,51.0,51.0,51.0,55.0,55.0,55.0,55.0,55.0,55.0,55.0,55.0,55.0,55.0,55.0,55.0,55.0,55.0,55.0,55.0
papago056,36.0,59.0,59.0,59.0,59.0,59.0,57.0,55.0,55.0,55.0,59.0,57.0,55.0,55.0,55.0,55.0,55.0,55.0,55.0,52.0,52.0,55.0,57.0,57.0,57.0,57.0,57.0,55.0,57.0,57.0,57.0,57.0,57.0,55.0,57.0,57.0,57.0,57.0,57.0,57.0,57.0,55.0,55.0,57.0,55.0,55.0,55.0,52.0,50.0,50.0,52.0,52.0,52.0,52.0,55.0,55.0,55.0,55.0,57.0,57.0,57.0,57.0,57.0,57.0,57.0,55.0,57.0,55.0,55.0,55.0,52.0,52.0,50.0,52.0,52.0,52.0,50.0,55.0,55.0,55.0,52.0,52.0,52.0,52.0,50.0,55.0,55.0,55.0,55.0,52.0,52.0,52.0,52.0,52.0,52.0,52.0,52.0,52.0,52.0,52.0,52.0
papago057,23.0,51.0,51.0,51.0,53.0,53.0,55.0,55.0,55.0,55.0,55.0,55.0,55.0,55.0,53.0,53.0,53.0,51.0,51.0,55.0,55.0,55.0,55.0,53.0,53.0,51.0,51.0,51.0,51.0,51.0,51.0,51.0,48.0,48.0,48.0,48.0,53.0,53.0,53.0,55.0,55.0,55.0,53.0,53.0,53.0,53.0,53.0,53.0,53.0,56.0,56.0,55.0,55.0,55.0,55.0,51.0,51.0,53.0,53.0,53.0,53.0,53.0,51.0,51.0,48.0,48.0,46.0,46.0,53.0,53.0,55.0,55.0,55.0,53.0,53.0,51.0,51.0,51.0,51.0,48.0,48.0,51.0,51.0,53.0,53.0,51.0,51.0,51.0,51.0,51.0,51.0,51.0,51.0,51.0,51.0,51.0,51.0,51.0,51.0,51.0,51.0
papago058,49.0,56.0,56.0,56.0,56.0,56.0,63.0,63.0,63.0,63.0,61.0,61.0,61.0,61.0,58.0,56.0,56.0,56.0,63.0,63.0,63.0,63.0,63.0,63.0,61.0,61.0,58.0,58.0,58.0,58.0,56.0,56.0,56.0,53.0,58.0,58.0,58.0,58.0,56.0,56.0,56.0,56.0,53.0,51.0,51.0,51.0,61.0,61.0,61.0,58.0,61.0,61.0,61.0,61.0,58.0,58.0,58.0,56.0,58.0,58.0,58.0,58.0,56.0,56.0,56.0,56.0,53.0,51.0,51.0,51.0,56.0,56.0,58.0,58.0,58.0,58.0,58.0,53.0,56.0,56.0,56.0,56.0,53.0,53.0,51.0,51.0,56.0,56.0,56.0,56.0,56.0,56.0,56.0,56.0,56.0,56.0,56.0,56.0,56.0,56.0,56.0
papago059,51.0,56.0,56.0,56.0,56.0,61.0,61.0,61.0,61.0,59.0,59.0,59.0,59.0,56.0,56.0,54.0,54.0,54.0,54.0,61.0,61.0,61.0,61.0,61.0,61.0,59.0,59.0,56.0,56.0,56.0,56.0,54.0,54.0,54.0,56.0,56.0,56.0,51.0,54.0,54.0,54.0,54.0,51.0,51.0,49.0,49.0,49.0,49.0,59.0,59.0,59.0,56.0,61.0,61.0,61.0,61.0,59.0,59.0,59.0,56.0,59.0,59.0,59.0,59.0,56.0,56.0,56.0,56.0,56.0,56.0,51.0,54.0,54.0,54.0,54.0,51.0,51.0,49.0,49.0,49.0,49.0,56.0,56.0,56.0,56.0,54.0,54.0,54.0,51.0,54.0,54.0,54.0,54.0,54.0,54.0,54.0,54.0,54.0,54.0,54.0,54.0
papago060,53.0,56.0,56.0,56.0,56.0,63.0,63.0,63.0,63.0,61.0,61.0,61.0,61.0,58.0,58.0,56.0,63.0,63.0,63.0,63.0,61.0,61.0,56.0,56.0,56.0,56.0,56.0,56.0,53.0,53.0,51.0,56.0,56.0,56.0,56.0,58.0,58.0,58.0,53.0,56.0,56.0,56.0,56.0,53.0,51.0,51.0,51.0,51.0,51.0,51.0,51.0,51.0,61.0,61.0,58.0,58.0,63.0,63.0,63.0,61.0,61.0,61.0,58.0,61.0,61.0,61.0,61.0,58.0,58.0,56.0,56.0,58.0,58.0,53.0,56.0,56.0,56.0,56.0,53.0,51.0,51.0,51.0,56.0,56.0,58.0,58.0,53.0,53.0,51.0,56.0,56.0,56.0,56.0,56.0,56.0,56.0,56.0,56.0,56.0,56.0,56.0
papago061,70.0,56.0,56.0,61.0,61.0,61.0,59.0,59.0,59.0,54.0,54.0,61.0,61.0,61.0,59.0,59.0,59.0,56.0,56.0,56.0,54.0,54.0,51.0,56.0,56.0,56.0,54.0,54.0,54.0,54.0,54.0,51.0,51.0,49.0,49.0,59.0,59.0,59.0,59.0,59.0,59.0,56.0,56.0,51.0,54.0,54.0,51.0,54.0,54.0,54.0,54.0,54.0,54.0,54.0,54.0,54.0,54.0,54.0,54.0,61.0,61.0,61.0,59.0,59.0,59.0,56.0,54.0,54.0,61.0,61.0,61.0,59.0,59.0,59.0,56.0,56.0,54.0,54.0,54.0,56.0,56.0,56.0,54.0,54.0,54.0,51.0,49.0,49.0,54.0,54.0,51.0,54.0,54.0,54.0,54.0,54.0,54.0,54.0,54.0,54.0,54.0
papago062,36.0,60.0,60.0,60.0,60.0,60.0,60.0,60.0,60.0,56.0,60.0,60.0,60.0,60.0,60.0,56.0,56.0,56.0,55.0,56.0,56.0,56.0,56.0,60.0,60.0,56.0,56.0,56.0,56.0,56.0,56.0,56.0,55.0,55.0,53.0,53.0,53.0,56.0,56.0,56.0,56.0,56.0,56.0,56.0,55.0,53.0,53.0,53.0,53.0,53.0,53.0,56.0,56.0,56.0,56.0,56.0,55.0,55.0,55.0,53.0,53.0,53.0,53.0,53.0,49.0,53.0,53.0,55.0,55.0,55.0,53.0,53.0,53.0,53.0,49.0,49.0,53.0,53.0,53.0,53.0,53.0,53.0,53.0,53.0,53.0,53.0,53.0,53.0,53.0,53.0,53.0,53.0,53.0,53.0,53.0,53.0,53.0,53.0,53.0,53.0,53.0
papago063,32.0,53.0,53.0,53.0,53.0,60.0,60.0,60.0,60.0,60.0,60.0,60.0,60.0,56.0,56.0,56.0,55.0,53.0,53.0,53.0,56.0,56.0,56.0,60.0,60.0,56.0,56.0,56.0,56.0,56.0,56.0,56.0,53.0,53.0,53.0,56.0,53.0,53.0,53.0,56.0,56.0,55.0,56.0,56.0,56.0,56.0,56.0,56.0,56.0,56.0,56.0,56.0,56.0,55.0,53.0,53.0,53.0,53.0,53.0,53.0,56.0,56.0,56.0,56.0,56.0,56.0,56.0,56.0,56.0,55.0,53.0,53.0,53.0,53.0,53.0,53.0,53.0,53.0,53.0,53.0,53.0,53.0,53.0,53.0,53.0,53.0,53.0,53.0,53.0,53.0,53.0,53.0,53.0,53.0,53.0,53.0,53.0,53.0,53.0,53.0,53.0
papago064,32.0,50.0,50.0,50.0,50.0,57.0,57.0,57.0,57.0,57.0,57.0,57.0,57.0,53.0,57.0,57.0,57.0,58.0,58.0,57.0,57.0,57.0,57.0,57.0,57.0,53.0,52.0,52.0,52.0,52.0,50.0,50.0,50.0,50.0,50.0,50.0,45.0,45.0,50.0,50.0,50.0,52.0,50.0,50.0,50.0,50.0,50.0,50.0,45.0,45.0,45.0,50.0,50.0,45.0,50.0,50.0,50.0,52.0,50.0,50.0,52.0,50.0,50.0,50.0,50.0,50.0,45.0,45.0,45.0,50.0,50.0,50.0,45.0,50.0,50.0,50.0,50.0,50.0,50.0,45.0,45.0,45.0,50.0,50.0,45.0,50.0,50.0,50.0,50.0,50.0,50.0,50.0,50.0,50.0,50.0,50.0,50.0,50.0,50.0,50.0,50.0
papago065,28.0,57.0,57.0,57.0,57.0,57.0,57.0,53.0,53.0,57.0,57.0,57.0,57.0,57.0,57.0,57.0,52.0,52.0,50.0,52.0,52.0,52.0,52.0,58.0,58.0,58.0,58.0,58.0,58.0,58.0,57.0,57.0,52.0,50.0,50.0,50.0,50.0,45.0,45.0,50.0,50.0,50.0,50.0,50.0,50.0,50.0,50.0,50.0,50.0,50.0,52.0,52.0,50.0,50.0,50.0,50.0,52.0,52.0,50.0,50.0,50.0,50.0,50.0,50.0,50.0,45.0,45.0,45.0,45.0,50.0,50.0,50.0,52.0,50.0,52.0,50.0,50.0,50.0,50.0,50.0,50.0,50.0,50.0,50.0,50.0,45.0,50.0,50.0,50.0,50.0,50.0,50.0,50.0,50.0,50.0,50.0,50.0,50.0,50.0,50.0,50.0
papago066,21.0,61.0,61.0,61.0,61.0,61.0,61.0,61.0,61.0,60.0,60.0,56.0,56.0,56.0,55.0,55.0,55.0,55.0,53.0,53.0,56.0,56.0,56.0,56.0,56.0,55.0,55.0,53.0,53.0,53.0,55.0,53.0,55.0,55.0,55.0,55.0,55.0,55.0,53.0,55.0,55.0,55.0,55.0,53.0,55.0,55.0,55.0,55.0,55.0,53.0,53.0,53.0,53.0,55.0,55.0,55.0,53.0,53.0,53.0,53.0,53.0,53.0,53.0,53.0,53.0,53.0,53.0,53.0,53.0,53.0,53.0,53.0,53.0,53.0,53.0,53.0,53.0,53.0,53.0,53.0,53.0,53.0,56.0,56.0,56.0,56.0,55.0,55.0,55.0,53.0,53.0,53.0,53.0,53.0,53.0,53.0,53.0,53.0,53.0,53.0,53.0
papago067,32.0,62.0,62.0,62.0,62.0,62.0,62.0,59.0,57.0,57.0,57.0,57.0,57.0,57.0,60.0,60.0,60.0,60.0,60.0,55.0,55.0,55.0,55.0,55.0,55.0,55.0,55.0,54.0,52.0,52.0,52.0,52.0,55.0,55.0,55.0,55.0,55.0,54.0,54.0,55.0,55.0,55.0,54.0,54.0,54.0,54.0,52.0,52.0,52.0,52.0,52.0,55.0,55.0,55.0,55.0,54.0,52.0,52.0,52.0,52.0,54.0,52.0,52.0,52.0,52.0,52.0,48.0,48.0,48.0,52.0,52.0,52.0,52.0,52.0,52.0,48.0,48.0,48.0,48.0,48.0,48.0,52.0,52.0,52.0,52.0,47.0,47.0,52.0,52.0,52.0,52.0,52.0,52.0,52.0,52.0,52.0,52.0,52.0,52.0,52.0,52.0
papago068,37.0,61.0,61.0,61.0,61.0,61.0,61.0,61.0,61.0,61.0,59.0,59.0,59.0,59.0,59.0,56.0,56.0,54.0,56.0,56.0,56.0,56.0,56.0,56.0,56.0,56.0,61.0,61.0,61.0,61.0,59.0,59.0,59.0,56.0,56.0,56.0,56.0,56.0,52.0,52.0,52.0,52.0,49.0,49.0,52.0,52.0,52.0,49.0,49.0,49.0,49.0,49.0,49.0,49.0,49.0,49.0,49.0,56.0,56.0,56.0,56.0,56.0,54.0,54.0,54.0,52.0,52.0,52.0,52.0,52.0,52.0,52.0,52.0,52.0,52.0,52.0,49.0,49.0,49.0,52.0,52.0,52.0,52.0,52.0,52.0,52.0,52.0,52.0,52.0,52.0,52.0,52.0,52.0,52.0,52.0,52.0,52.0,52.0,61.0,61.0,61.0
papago069,32.0,52.0,52.0,52.0,52.0,59.0,59.0,59.0,59.0,59.0,59.0,59.0,59.0,55.0,55.0,55.0,52.0,52.0,52.0,52.0,55.0,55.0,55.0,59.0,59.0,55.0,55.0,55.0,55.0,55.0,55.0,55.0,52.0,52.0,52.0,48.0,52.0,52.0,52.0,55.0,55.0,54.0,55.0,55.0,55.0,55.0,55.0,55.0,54.0,54.0,52.0,52.0,52.0,52.0,55.0,55.0,54.0,54.0,54.0,52.0,52.0,52.0,52.0,52.0,52.0,52.0,48.0,48.0,48.0,48.0,52.0,52.0,52.0,54.0,52.0,52.0,52.0,52.0,52.0,52.0,52.0,52.0,52.0,52.0,52.0,48.0,48.0,48.0,52.0,52.0,52.0,52.0,52.0,52.0,52.0,52.0,52.0,52.0,52.0,52.0,52.0
papago070,26.0,59.0,59.0,59.0,59.0,59.0,59.0,59.0,57.0,55.0,55.0,55.0,55.0,55.0,55.0,55.0,55.0,59.0,59.0,59.0,59.0,59.0,59.0,57.0,55.0,55.0,55.0,50.0,52.0,52.0,52.0,50.0,52.0,52.0,52.0,52.0,50.0,50.0,50.0,50.0,47.0,47.0,47.0,52.0,52.0,52.0,52.0,52.0,52.0,52.0,52.0,52.0,52.0,52.0,50.0,52.0,52.0,52.0,52.0,50.0,50.0,50.0,47.0,47.0,47.0,47.0,52.0,50.0,50.0,52.0,52.0,52.0,50.0,50.0,47.0,47.0,47.0,47.0,52.0,52.0,50.0,50.0,50.0,50.0,50.0,50.0,50.0,50.0,47.0,52.0,52.0,52.0,52.0,52.0,52.0,52.0,52.0,52.0,52.0,52.0,52.0
papago071,44.0,59.0,59.0,59.0,59.0,59.0,59.0,55.0,55.0,55.0,59.0,59.0,59.0,59.0,55.0,55.0,55.0,55.0,55.0,55.0,55.0,55.0,59.0,59.0,59.0,59.0,55.0,55.0,54.0,54.0,54.0,52.0,52.0,47.0,47.0,43.0,43.0,47.0,47.0,47.0,47.0,47.0,47.0,47.0,47.0,47.0,47.0,47.0,47.0,47.0,47.0,47.0,47.0,47.0,47.0,50.0,50.0,50.0,50.0,50.0,50.0,50.0,47.0,43.0,47.0,47.0,47.0,47.0,47.0,47.0,47.0,47.0,47.0,43.0,43.0,43.0,47.0,47.0,47.0,47.0,47.0,47.0,47.0,47.0,47.0,43.0,43.0,47.0,47.0,47.0,47.0,47.0,47.0,47.0,47.0,47.0,47.0,47.0,47.0,47.0,47.0
papago073,45.0,53.0,53.0,53.0,62.0,62.0,62.0,62.0,58.0,60.0,60.0,60.0,58.0,58.0,58.0,53.0,58.0,58.0,58.0,58.0,58.0,58.0,58.0,58.0,58.0,58.0,58.0,58.0,58.0,58.0,60.0,60.0,58.0,58.0,53.0,53.0,55.0,53.0,53.0,53.0,53.0,50.0,53.0,53.0,53.0,53.0,53.0,53.0,53.0,53.0,53.0,53.0,53.0,53.0,58.0,58.0,60.0,60.0,60.0,60.0,60.0,60.0,60.0,60.0,58.0,58.0,58.0,58.0,58.0,58.0,55.0,53.0,53.0,53.0,50.0,50.0,55.0,53.0,53.0,53.0,53.0,50.0,53.0,53.0,53.0,50.0,50.0,50.0,53.0,53.0,53.0,53.0,53.0,53.0,53.0,50.0,53.0,53.0,53.0,53.0,53.0
papago074,32.0,53.0,53.0,62.0,62.0,62.0,62.0,58.0,58.0,58.0,53.0,60.0,60.0,60.0,60.0,60.0,60.0,60.0,60.0,60.0,58.0,58.0,53.0,53.0,53.0,50.0,53.0,55.0,53.0,55.0,53.0,53.0,53.0,53.0,50.0,50.0,53.0,53.0,53.0,53.0,53.0,50.0,53.0,53.0,53.0,53.0,53.0,53.0,53.0,53.0,53.0,58.0,58.0,60.0,60.0,60.0,58.0,58.0,58.0,58.0,58.0,58.0,58.0,58.0,58.0,58.0,53.0,53.0,53.0,53.0,50.0,50.0,50.0,53.0,55.0,55.0,55.0,53.0,53.0,53.0,53.0,53.0,53.0,53.0,53.0,53.0,53.0,50.0,53.0,53.0,53.0,53.0,53.0,53.0,53.0,53.0,53.0,53.0,53.0,53.0,53.0
papago075,25.0,53.0,53.0,53.0,62.0,62.0,62.0,62.0,58.0,60.0,60.0,60.0,60.0,60.0,60.0,60.0,60.0,58.0,58.0,58.0,53.0,53.0,53.0,60.0,60.0,58.0,58.0,58.0,53.0,55.0,55.0,53.0,53.0,53.0,53.0,53.0,53.0,53.0,53.0,53.0,50.0,53.0,53.0,53.0,53.0,53.0,53.0,53.0,53.0,58.0,58.0,58.0,58.0,60.0,60.0,60.0,60.0,58.0,53.0,53.0,53.0,55.0,53.0,53.0,53.0,53.0,53.0,53.0,53.0,53.0,53.0,53.0,53.0,53.0,53.0,53.0,53.0,55.0,53.0,53.0,53.0,53.0,53.0,53.0,50.0,53.0,53.0,53.0,53.0,53.0,53.0,53.0,50.0,53.0,53.0,53.0,53.0,53.0,53.0,53.0,53.0
papago076,24.0,55.0,55.0,55.0,55.0,55.0,60.0,60.0,60.0,60.0,60.0,60.0,60.0,57.0,60.0,60.0,60.0,57.0,55.0,55.0,55.0,55.0,55.0,55.0,55.0,55.0,62.0,62.0,62.0,62.0,62.0,62.0,62.0,59.0,55.0,55.0,55.0,55.0,55.0,57.0,55.0,55.0,55.0,55.0,55.0,55.0,55.0,55.0,55.0,55.0,55.0,55.0,55.0,55.0,55.0,57.0,55.0,55.0,55.0,57.0,55.0,55.0,55.0,55.0,55.0,55.0,55.0,55.0,55.0,55.0,55.0,55.0,55.0,55.0,55.0,55.0,55.0,55.0,55.0,55.0,55.0,55.0,55.0,55.0,55.0,50.0,50.0,50.0,55.0,55.0,55.0,55.0,55.0,55.0,55.0,55.0,55.0,55.0,55.0,55.0,55.0
papago077,28.0,55.0,55.0,55.0,55.0,64.0,64.0,64.0,64.0,64.0,64.0,64.0,64.0,64.0,60.0,60.0,60.0,60.0,60.0,62.0,62.0,62.0,62.0,62.0,62.0,62.0,60.0,60.0,60.0,60.0,60.0,60.0,57.0,55.0,55.0,55.0,55.0,55.0,55.0,55.0,52.0,52.0,52.0,52.0,57.0,55.0,55.0,55.0,55.0,55.0,55.0,55.0,55.0,55.0,55.0,52.0,52.0,52.0,55.0,55.0,55.0,55.0,55.0,55.0,55.0,57.0,55.0,55.0,55.0,55.0,55.0,55.0,55.0,55.0,55.0,55.0,52.0,52.0,52.0,55.0,55.0,55.0,55.0,55.0,55.0,55.0,55.0,55.0,55.0,55.0,62.0,62.0,62.0,62.0,62.0,62.0,62.0,60.0,60.0,60.0,60.0
papago078,64.0,56.0,56.0,63.0,63.0,61.0,61.0,61.0,63.0,63.0,63.0,63.0,61.0,61.0,61.0,61.0,61.0,56.0,56.0,53.0,56.0,56.0,58.0,56.0,56.0,56.0,58.0,58.0,58.0,58.0,58.0,56.0,53.0,53.0,56.0,56.0,56.0,56.0,56.0,56.0,56.0,56.0,61.0,63.0,63.0,63.0,61.0,61.0,61.0,56.0,58.0,56.0,56.0,56.0,56.0,56.0,56.0,56.0,56.0,56.0,56.0,56.0,58.0,56.0,56.0,56.0,56.0,56.0,56.0,56.0,56.0,56.0,56.0,56.0,56.0,56.0,56.0,58.0,56.0,56.0,56.0,56.0,56.0,56.0,56.0,56.0,56.0,53.0,56.0,56.0,56.0,56.0,56.0,56.0,56.0,56.0,56.0,56.0,56.0,56.0,56.0
papago079,42.0,56.0,56.0,56.0,63.0,63.0,61.0,61.0,61.0,61.0,61.0,63.0,63.0,63.0,61.0,61.0,61.0,61.0,56.0,56.0,61.0,61.0,61.0,63.0,63.0,63.0,61.0,61.0,61.0,61.0,61.0,61.0,61.0,58.0,56.0,56.0,56.0,53.0,53.0,53.0,53.0,53.0,56.0,56.0,56.0,56.0,56.0,56.0,56.0,56.0,56.0,56.0,56.0,61.0,61.0,61.0,63.0,63.0,61.0,61.0,61.0,61.0,58.0,56.0,56.0,53.0,53.0,53.0,53.0,53.0,58.0,58.0,56.0,56.0,56.0,56.0,56.0,56.0,56.0,53.0,53.0,53.0,53.0,53.0,56.0,56.0,56.0,56.0,56.0,56.0,56.0,56.0,56.0,56.0,56.0,56.0,56.0,56.0,56.0,56.0,56.0
papago080,42.0,54.0,54.0,54.0,61.0,61.0,61.0,61.0,61.0,61.0,59.0,61.0,61.0,61.0,61.0,59.0,59.0,54.0,59.0,59.0,59.0,59.0,59.0,59.0,59.0,61.0,59.0,59.0,59.0,59.0,59.0,56.0,59.0,59.0,54.0,54.0,56.0,54.0,49.0,54.0,54.0,54.0,54.0,54.0,59.0,59.0,59.0,56.0,54.0,54.0,54.0,54.0,54.0,54.0,54.0,54.0,54.0,54.0,54.0,54.0,54.0,54.0,54.0,54.0,54.0,54.0,54.0,54.0,54.0,54.0,54.0,54.0,49.0,49.0,54.0,54.0,54.0,49.0,49.0,54.0,54.0,54.0,54.0,54.0,54.0,54.0,54.0,54.0,54.0,54.0,54.0,56.0,54.0,59.0,59.0,59.0,59.0,59.0,59.0,56.0,56.0
papago081,26.0,53.0,53.0,62.0,62.0,62.0,62.0,62.0,58.0,58.0,58.0,58.0,53.0,58.0,58.0,58.0,58.0,58.0,58.0,60.0,60.0,60.0,60.0,58.0,60.0,60.0,58.0,58.0,58.0,58.0,53.0,53.0,53.0,53.0,58.0,58.0,60.0,60.0,60.0,60.0,60.0,58.0,58.0,58.0,58.0,58.0,58.0,58.0,55.0,55.0,58.0,58.0,53.0,53.0,53.0,55.0,53.0,53.0,53.0,53.0,53.0,50.0,55.0,55.0,53.0,53.0,53.0,53.0,53.0,53.0,50.0,50.0,50.0,50.0,53.0,53.0,53.0,53.0,53.0,53.0,53.0,53.0,53.0,53.0,53.0,53.0,53.0,53.0,53.0,53.0,53.0,53.0,53.0,53.0,53.0,53.0,53.0,53.0,53.0,53.0,53.0
papago082,20.5,53.0,53.0,53.0,62.0,62.0,62.0,62.0,58.0,58.0,58.0,58.0,53.0,53.0,58.0,58.0,55.0,53.0,53.0,53.0,53.0,53.0,53.0,53.0,53.0,53.0,53.0,53.0,58.0,58.0,58.0,58.0,53.0,53.0,53.0,53.0,53.0,55.0,53.0,53.0,53.0,50.0,50.0,55.0,53.0,53.0,55.0,53.0,53.0,53.0,53.0,53.0,53.0,53.0,53.0,53.0,53.0,53.0,53.0,50.0,50.0,50.0,55.0,55.0,53.0,53.0,53.0,53.0,53.0,53.0,53.0,53.0,53.0,53.0,53.0,50.0,53.0,53.0,53.0,53.0,53.0,53.0,53.0,53.0,53.0,50.0,53.0,53.0,53.0,53.0,53.0,53.0,53.0,53.0,53.0,53.0,53.0,53.0,53.0,53.0,53.0
papago083,19.5,53.0,53.0,53.0,62.0,62.0,62.0,62.0,58.0,58.0,58.0,58.0,58.0,60.0,60.0,60.0,60.0,60.0,58.0,55.0,55.0,53.0,53.0,53.0,51.0,51.0,51.0,51.0,51.0,55.0,55.0,53.0,53.0,53.0,53.0,53.0,53.0,53.0,50.0,50.0,53.0,53.0,53.0,50.0,50.0,53.0,53.0,53.0,53.0,53.0,53.0,53.0,53.0,53.0,53.0,58.0,58.0,58.0,58.0,53.0,53.0,53.0,53.0,53.0,53.0,51.0,51.0,51.0,51.0,51.0,55.0,55.0,53.0,53.0,53.0,53.0,53.0,53.0,53.0,50.0,53.0,53.0,53.0,53.0,50.0,53.0,53.0,53.0,53.0,53.0,53.0,53.0,53.0,53.0,53.0,53.0,53.0,53.0,53.0,53.0,53.0
papago084,28.0,53.0,53.0,53.0,53.0,60.0,60.0,60.0,59.0,60.0,60.0,60.0,58.0,55.0,55.0,55.0,58.0,55.0,53.0,53.0,53.0,53.0,53.0,53.0,53.0,53.0,53.0,53.0,53.0,53.0,53.0,53.0,53.0,53.0,53.0,53.0,53.0,53.0,53.0,55.0,53.0,53.0,58.0,58.0,58.0,58.0,55.0,55.0,53.0,55.0,53.0,53.0,53.0,53.0,53.0,53.0,53.0,53.0,53.0,53.0,53.0,53.0,53.0,53.0,53.0,53.0,53.0,53.0,53.0,53.0,55.0,53.0,53.0,53.0,53.0,53.0,53.0,53.0,50.0,53.0,53.0,53.0,53.0,53.0,53.0,50.0,53.0,53.0,53.0,53.0,53.0,53.0,53.0,53.0,53.0,53.0,53.0,53.0,53.0,53.0,53.0
papago085,44.0,53.0,53.0,53.0,60.0,60.0,60.0,60.0,60.0,60.0,60.0,60.0,60.0,57.0,60.0,57.0,57.0,55.0,55.0,55.0,55.0,53.0,53.0,53.0,55.0,55.0,55.0,55.0,56.0,56.0,56.0,56.0,56.0,55.0,53.0,53.0,53.0,55.0,55.0,53.0,53.0,53.0,53.0,53.0,53.0,53.0,56.0,56.0,55.0,56.0,55.0,53.0,53.0,53.0,53.0,53.0,53.0,53.0,53.0,53.0,53.0,53.0,48.0,48.0,53.0,53.0,53.0,55.0,55.0,56.0,55.0,53.0,53.0,53.0,53.0,53.0,48.0,53.0,53.0,53.0,53.0,53.0,53.0,53.0,53.0,48.0,53.0,53.0,53.0,53.0,53.0,53.0,53.0,53.0,53.0,53.0,53.0,53.0,53.0,53.0,53.0
papago086,41.0,53.0,53.0,53.0,53.0,61.0,61.0,61.0,61.0,61.0,58.0,60.0,60.0,60.0,58.0,58.0,58.0,58.0,53.0,53.0,53.0,49.0,49.0,53.0,53.0,53.0,55.0,53.0,55.0,53.0,53.0,53.0,49.0,53.0,53.0,53.0,53.0,49.0,53.0,53.0,53.0,53.0,53.0,53.0,53.0,53.0,53.0,53.0,53.0,58.0,58.0,60.0,60.0,60.0,60.0,60.0,58.0,58.0,58.0,58.0,58.0,58.0,58.0,58.0,55.0,58.0,58.0,58.0,58.0,58.0,53.0,53.0,53.0,49.0,49.0,53.0,53.0,53.0,55.0,53.0,55.0,53.0,53.0,53.0,49.0,53.0,53.0,53.0,49.0,49.0,53.0,53.0,53.0,53.0,53.0,53.0,53.0,53.0,53.0,53.0,53.0
papago087,25.0,53.0,53.0,53.0,53.0,62.0,62.0,62.0,62.0,62.0,62.0,58.0,58.0,60.0,60.0,58.0,58.0,58.0,58.0,58.0,58.0,58.0,55.0,58.0,58.0,58.0,58.0,53.0,53.0,53.0,53.0,58.0,58.0,58.0,55.0,53.0,53.0,53.0,53.0,55.0,53.0,53.0,53.0,53.0,53.0,53.0,53.0,53.0,53.0,53.0,53.0,50.0,50.0,50.0,50.0,53.0,53.0,53.0,53.0,53.0,50.0,53.0,53.0,53.0,53.0,53.0,53.0,53.0,53.0,53.0,53.0,53.0,53.0,53.0,53.0,55.0,55.0,53.0,53.0,53.0,50.0,53.0,53.0,53.0,53.0,53.0,53.0,53.0,53.0,53.0,53.0,53.0,53.0,53.0,53.0,53.0,53.0,55.0,53.0,53.0,53.0
papago088,36.0,54.0,54.0,54.0,61.0,61.0,61.0,61.0,61.0,61.0,61.0,61.0,56.0,56.0,56.0,59.0,59.0,59.0,56.0,54.0,54.0,54.0,54.0,54.0,54.0,54.0,54.0,54.0,54.0,54.0,54.0,54.0,54.0,54.0,54.0,54.0,54.0,49.0,49.0,49.0,54.0,54.0,54.0,54.0,54.0,59.0,59.0,59.0,59.0,59.0,59.0,59.0,56.0,56.0,54.0,54.0,54.0,54.0,54.0,49.0,49.0,49.0,54.0,54.0,54.0,54.0,54.0,49.0,49.0,49.0,56.0,56.0,54.0,54.0,54.0,54.0,54.0,54.0,54.0,54.0,54.0,54.0,54.0,54.0,54.0,54.0,54.0,54.0,54.0,54.0,54.0,54.0,49.0,49.0,49.0,54.0,54.0,54.0,54.0,54.0,54.0
papago089,43.0,52.0,52.0,52.0,61.0,61.0,61.0,61.0,59.0,59.0,59.0,57.0,57.0,57.0,57.0,57.0,52.0,52.0,52.0,57.0,57.0,57.0,57.0,57.0,57.0,57.0,59.0,57.0,57.0,57.0,52.0,54.0,54.0,52.0,52.0,52.0,52.0,52.0,52.0,52.0,52.0,52.0,52.0,52.0,52.0,57.0,57.0,57.0,59.0,59.0,59.0,59.0,59.0,59.0,57.0,57.0,57.0,57.0,57.0,57.0,52.0,54.0,54.0,52.0,52.0,52.0,52.0,52.0,52.0,52.0,52.0,52.0,49.0,52.0,52.0,52.0,52.0,52.0,52.0,52.0,52.0,54.0,52.0,52.0,52.0,52.0,49.0,52.0,52.0,52.0,52.0,52.0,52.0,52.0,49.0,49.0,52.0,52.0,52.0,52.0,52.0
papago090,25.5,51.0,51.0,51.0,51.0,58.0,58.0,58.0,54.0,54.0,54.0,54.0,53.0,53.0,51.0,51.0,51.0,51.0,51.0,53.0,51.0,51.0,51.0,51.0,51.0,51.0,47.0,51.0,51.0,51.0,51.0,51.0,51.0,51.0,51.0,51.0,51.0,51.0,51.0,51.0,54.0,54.0,53.0,53.0,53.0,53.0,51.0,53.0,53.0,51.0,51.0,51.0,51.0,51.0,51.0,51.0,51.0,51.0,51.0,51.0,51.0,51.0,51.0,51.0,51.0,51.0,53.0,51.0,51.0,51.0,51.0,51.0,51.0,51.0,51.0,51.0,47.0,51.0,51.0,51.0,51.0,51.0,51.0,51.0,47.0,51.0,51.0,51.0,51.0,51.0,51.0,51.0,51.0,51.0,51.0,51.0,51.0,51.0,51.0,51.0,51.0
papago091,62.0,56.0,56.0,58.0,56.0,56.0,53.0,51.0,51.0,51.0,56.0,56.0,56.0,56.0,56.0,53.0,56.0,56.0,56.0,53.0,51.0,51.0,56.0,56.0,53.0,51.0,51.0,48.0,48.0,51.0,53.0,51.0,51.0,48.0,48.0,51.0,51.0,51.0,48.0,48.0,51.0,51.0,51.0,51.0,51.0,51.0,51.0,51.0,51.0,51.0,51.0,60.0,60.0,58.0,56.0,56.0,56.0,58.0,56.0,56.0,56.0,51.0,51.0,51.0,56.0,56.0,56.0,56.0,56.0,53.0,56.0,56.0,56.0,53.0,51.0,51.0,51.0,56.0,53.0,51.0,51.0,48.0,48.0,53.0,51.0,51.0,51.0,51.0,48.0,51.0,51.0,51.0,51.0,48.0,51.0,51.0,51.0,51.0,51.0,51.0,51.0
papago092,23.5,51.0,51.0,51.0,51.0,51.0,58.0,58.0,58.0,53.0,54.0,54.0,54.0,54.0,53.0,53.0,51.0,51.0,51.0,51.0,53.0,53.0,53.0,53.0,51.0,53.0,51.0,51.0,51.0,51.0,51.0,51.0,51.0,51.0,51.0,51.0,51.0,47.0,47.0,47.0,47.0,47.0,51.0,51.0,51.0,51.0,51.0,51.0,51.0,51.0,51.0,51.0,51.0,51.0,58.0,58.0,58.0,53.0,54.0,54.0,54.0,54.0,54.0,53.0,51.0,51.0,51.0,51.0,51.0,51.0,47.0,51.0,51.0,51.0,51.0,53.0,53.0,51.0,51.0,51.0,51.0,51.0,47.0,47.0,51.0,51.0,51.0,51.0,51.0,51.0,51.0,51.0,51.0,51.0,51.0,51.0,51.0,51.0,51.0,51.0,51.0
papago093,43.5,51.0,51.0,51.0,60.0,60.0,60.0,60.0,56.0,56.0,56.0,58.0,58.0,58.0,58.0,56.0,56.0,53.0,53.0,51.0,51.0,51.0,51.0,51.0,56.0,56.0,56.0,53.0,53.0,51.0,51.0,53.0,51.0,51.0,51.0,51.0,51.0,51.0,51.0,51.0,51.0,51.0,51.0,51.0,51.0,51.0,56.0,56.0,53.0,56.0,56.0,56.0,56.0,51.0,51.0,51.0,51.0,51.0,51.0,51.0,51.0,48.0,48.0,51.0,51.0,53.0,51.0,51.0,51.0,53.0,51.0,51.0,51.0,51.0,51.0,51.0,51.0,51.0,48.0,51.0,51.0,51.0,51.0,51.0,51.0,51.0,51.0,48.0,51.0,51.0,51.0,51.0,51.0,51.0,51.0,51.0,51.0,51.0,51.0,51.0,51.0
papago094,52.5,51.0,51.0,51.0,51.0,51.0,56.0,53.0,51.0,51.0,51.0,51.0,46.0,46.0,51.0,51.0,51.0,53.0,51.0,51.0,51.0,46.0,46.0,51.0,51.0,51.0,51.0,51.0,51.0,46.0,46.0,51.0,51.0,51.0,51.0,51.0,46.0,46.0,51.0,51.0,51.0,51.0,51.0,51.0,51.0,51.0,51.0,51.0,51.0,51.0,51.0,58.0,56.0,56.0,56.0,53.0,53.0,51.0,51.0,51.0,56.0,56.0,53.0,51.0,51.0,51.0,51.0,46.0,51.0,51.0,51.0,53.0,53.0,51.0,51.0,51.0,46.0,46.0,51.0,51.0,51.0,51.0,51.0,51.0,46.0,51.0,51.0,51.0,51.0,51.0,51.0,46.0,46.0,51.0,51.0,51.0,51.0,51.0,51.0,51.0,51.0
papago095,39.0,58.0,58.0,58.0,65.0,65.0,65.0,65.0,65.0,65.0,65.0,65.0,63.0,63.0,67.0,67.0,63.0,63.0,63.0,63.0,63.0,63.0,63.0,63.0,63.0,63.0,58.0,58.0,58.0,58.0,58.0,58.0,63.0,63.0,63.0,63.0,58.0,58.0,58.0,58.0,58.0,58.0,58.0,58.0,58.0,58.0,58.0,58.0,58.0,58.0,56.0,56.0,60.0,58.0,58.0,60.0,60.0,58.0,58.0,58.0,58.0,58.0,58.0,58.0,58.0,58.0,58.0,58.0,58.0,58.0,58.0,58.0,58.0,58.0,58.0,58.0,58.0,58.0,58.0,58.0,58.0,58.0,58.0,56.0,56.0,58.0,58.0,58.0,56.0,56.0,58.0,58.0,58.0,58.0,58.0,58.0,58.0,58.0,58.0,58.0,58.0
papago096,36.0,58.0,58.0,58.0,65.0,65.0,65.0,65.0,65.0,65.0,63.0,63.0,67.0,67.0,67.0,63.0,63.0,63.0,63.0,63.0,63.0,60.0,60.0,63.0,63.0,63.0,63.0,63.0,58.0,58.0,58.0,63.0,63.0,63.0,63.0,63.0,63.0,63.0,63.0,58.0,58.0,58.0,56.0,58.0,58.0,58.0,58.0,56.0,58.0,58.0,56.0,58.0,58.0,58.0,58.0,58.0,56.0,56.0,56.0,60.0,60.0,60.0,60.0,58.0,58.0,58.0,58.0,58.0,58.0,58.0,58.0,58.0,56.0,58.0,58.0,58.0,56.0,56.0,58.0,58.0,58.0,58.0,58.0,58.0,58.0,58.0,58.0,56.0,56.0,58.0,58.0,58.0,58.0,58.0,58.0,58.0,58.0,58.0,58.0,58.0,58.0
papago097,29.25,58.0,58.0,58.0,58.0,58.0,65.0,65.0,65.0,65.0,65.0,65.0,65.0,65.0,65.0,65.0,67.0,67.0,67.0,63.0,63.0,63.0,63.0,63.0,63.0,63.0,63.0,60.0,63.0,63.0,63.0,63.0,60.0,60.0,60.0,60.0,60.0,60.0,60.0,60.0,60.0,60.0,60.0,60.0,60.0,65.0,65.0,65.0,60.0,60.0,58.0,58.0,58.0,58.0,58.0,58.0,58.0,58.0,56.0,56.0,60.0,60.0,58.0,58.0,58.0,58.0,58.0,58.0,58.0,58.0,58.0,58.0,58.0,58.0,58.0,56.0,56.0,60.0,58.0,58.0,58.0,58.0,58.0,58.0,58.0,58.0,56.0,58.0,58.0,58.0,58.0,58.0,56.0,56.0,58.0,58.0,58.0,58.0,58.0,58.0,58.0
papago098,34.0,56.0,56.0,55.0,56.0,56.0,56.0,56.0,56.0,56.0,56.0,56.0,55.0,53.0,53.0,55.0,53.0,53.0,53.0,53.0,53.0,53.0,53.0,53.0,53.0,55.0,55.0,55.0,55.0,55.0,55.0,55.0,55.0,53.0,55.0,53.0,51.0,51.0,53.0,49.0,49.0,49.0,49.0,49.0,49.0,49.0,49.0,49.0,53.0,53.0,53.0,55.0,55.0,55.0,53.0,53.0,53.0,53.0,53.0,53.0,53.0,53.0,53.0,53.0,53.0,53.0,53.0,53.0,55.0,55.0,55.0,53.0,53.0,53.0,53.0,53.0,53.0,53.0,53.0,53.0,53.0,53.0,53.0,53.0,53.0,53.0,53.0,53.0,53.0,53.0,53.0,53.0,53.0,53.0,53.0,53.0,53.0,53.0,53.0,53.0,53.0
papago099,40.0,59.0,59.0,58.0,59.0,59.0,59.0,59.0,59.0,58.0,58.0,54.0,54.0,54.0,54.0,53.0,58.0,58.0,54.0,58.0,58.0,58.0,58.0,58.0,54.0,54.0,51.0,51.0,51.0,51.0,53.0,53.0,53.0,53.0,53.0,53.0,51.0,51.0,47.0,51.0,51.0,47.0,47.0,47.0,47.0,47.0,47.0,47.0,47.0,51.0,51.0,53.0,53.0,53.0,53.0,53.0,53.0,53.0,53.0,53.0,53.0,51.0,51.0,54.0,54.0,51.0,53.0,53.0,53.0,53.0,53.0,51.0,51.0,53.0,53.0,53.0,51.0,47.0,47.0,51.0,51.0,53.0,53.0,53.0,53.0,53.0,53.0,53.0,51.0,51.0,47.0,53.0,53.0,51.0,51.0,51.0,51.0,51.0,51.0,51.0,51.0
papago100,40.0,52.0,52.0,52.0,59.0,59.0,59.0,59.0,59.0,59.0,59.0,57.0,57.0,57.0,59.0,59.0,59.0,59.0,59.0,57.0,57.0,59.0,59.0,59.0,57.0,57.0,57.0,57.0,52.0,57.0,57.0,52.0,52.0,52.0,52.0,52.0,52.0,52.0,52.0,54.0,54.0,57.0,57.0,57.0,59.0,59.0,57.0,57.0,57.0,54.0,54.0,57.0,57.0,54.0,54.0,54.0,54.0,54.0,54.0,54.0,54.0,52.0,52.0,52.0,52.0,49.0,49.0,49.0,47.0,47.0,47.0,47.0,47.0,54.0,54.0,57.0,57.0,52.0,52.0,52.0,52.0,52.0,50.0,54.0,52.0,52.0,52.0,52.0,52.0,52.0,52.0,52.0,52.0,52.0,52.0,52.0,52.0,52.0,52.0,52.0,52.0
papago101,57.5,59.0,59.0,57.0,59.0,57.0,59.0,59.0,57.0,55.0,52.0,55.0,55.0,52.0,50.0,57.0,57.0,57.0,55.0,52.0,52.0,52.0,52.0,54.0,50.0,52.0,50.0,50.0,47.0,52.0,52.0,52.0,52.0,52.0,50.0,52.0,52.0,52.0,52.0,50.0,52.0,50.0,47.0,50.0,50.0,50.0,50.0,47.0,45.0,52.0,52.0,52.0,50.0,50.0,52.0,52.0,52.0,52.0,52.0,52.0,52.0,52.0,52.0,52.0,52.0,57.0,57.0,57.0,54.0,52.0,52.0,54.0,52.0,52.0,52.0,52.0,52.0,52.0,50.0,50.0,45.0,45.0,52.0,52.0,52.0,54.0,50.0,52.0,50.0,47.0,52.0,52.0,52.0,50.0,52.0,52.0,52.0,52.0,52.0,52.0,52.0
papago102,59.0,60.0,60.0,60.0,60.0,60.0,58.0,60.0,60.0,60.0,58.0,56.0,58.0,56.0,56.0,53.0,51.0,56.0,56.0,56.0,56.0,51.0,51.0,56.0,56.0,58.0,58.0,58.0,56.0,53.0,56.0,56.0,53.0,51.0,51.0,53.0,51.0,51.0,51.0,51.0,48.0,46.0,51.0,51.0,51.0,48.0,46.0,46.0,51.0,51.0,53.0,51.0,51.0,51.0,46.0,51.0,51.0,51.0,51.0,46.0,53.0,53.0,53.0,51.0,53.0,53.0,53.0,53.0,53.0,53.0,53.0,53.0,58.0,58.0,55.0,53.0,53.0,53.0,53.0,53.0,51.0,53.0,53.0,51.0,51.0,46.0,53.0,53.0,53.0,51.0,53.0,53.0,55.0,53.0,53.0,53.0,53.0,53.0,53.0,53.0,53.0
papago103,55.0,58.0,58.0,60.0,60.0,58.0,58.0,55.0,55.0,53.0,55.0,55.0,55.0,55.0,58.0,55.0,58.0,58.0,55.0,53.0,53.0,55.0,51.0,51.0,51.0,51.0,51.0,53.0,51.0,51.0,51.0,51.0,48.0,46.0,46.0,46.0,51.0,51.0,51.0,51.0,51.0,51.0,51.0,48.0,46.0,51.0,51.0,48.0,46.0,53.0,53.0,53.0,53.0,51.0,48.0,53.0,53.0,53.0,53.0,53.0,53.0,60.0,58.0,60.0,58.0,58.0,55.0,55.0,53.0,53.0,53.0,53.0,55.0,53.0,53.0,51.0,51.0,48.0,46.0,46.0,46.0,53.0,53.0,53.0,55.0,51.0,53.0,53.0,51.0,48.0,53.0,53.0,53.0,53.0,51.0,53.0,53.0,53.0,53.0,53.0,53.0
papago104,46.0,60.0,60.0,60.0,60.0,60.0,60.0,60.0,58.0,55.0,58.0,58.0,58.0,58.0,55.0,55.0,55.0,55.0,53.0,58.0,58.0,58.0,58.0,58.0,58.0,53.0,53.0,53.0,53.0,51.0,51.0,51.0,48.0,46.0,46.0,46.0,48.0,48.0,48.0,48.0,51.0,51.0,51.0,48.0,48.0,51.0,51.0,48.0,48.0,48.0,46.0,46.0,46.0,46.0,46.0,46.0,46.0,46.0,46.0,46.0,46.0,46.0,53.0,53.0,53.0,53.0,53.0,53.0,53.0,51.0,53.0,53.0,53.0,51.0,51.0,48.0,48.0,48.0,48.0,48.0,48.0,51.0,51.0,51.0,51.0,51.0,51.0,48.0,51.0,51.0,48.0,48.0,46.0,46.0,46.0,46.0,46.0,46.0,46.0,46.0,46.0
papago105,50.0,58.0,58.0,58.0,58.0,58.0,58.0,58.0,58.0,56.0,56.0,56.0,51.0,53.0,53.0,51.0,51.0,51.0,51.0,56.0,56.0,56.0,51.0,53.0,53.0,51.0,51.0,51.0,51.0,51.0,51.0,51.0,51.0,46.0,46.0,51.0,51.0,51.0,44.0,44.0,44.0,46.0,46.0,46.0,46.0,46.0,46.0,44.0,44.0,41.0,39.0,39.0,39.0,39.0,39.0,39.0,39.0,53.0,53.0,53.0,53.0,53.0,53.0,53.0,51.0,53.0,51.0,51.0,51.0,46.0,46.0,46.0,46.0,51.0,51.0,51.0,49.0,53.0,53.0,51.0,51.0,49.0,49.0,44.0,44.0,44.0,44.0,44.0,44.0,46.0,46.0,46.0,46.0,46.0,46.0,46.0,46.0,46.0,46.0,46.0,46.0
papago106,39.0,60.0,60.0,60.0,60.0,60.0,60.0,60.0,60.0,58.0,58.0,58.0,58.0,55.0,60.0,58.0,58.0,60.0,60.0,60.0,60.0,60.0,55.0,55.0,53.0,53.0,53.0,53.0,53.0,53.0,53.0,53.0,58.0,58.0,58.0,58.0,58.0,55.0,55.0,55.0,55.0,55.0,55.0,55.0,55.0,58.0,55.0,58.0,58.0,58.0,58.0,58.0,53.0,53.0,53.0,51.0,48.0,48.0,48.0,48.0,48.0,48.0,48.0,48.0,48.0,51.0,51.0,51.0,51.0,48.0,51.0,51.0,51.0,51.0,51.0,48.0,48.0,48.0,46.0,46.0,43.0,43.0,43.0,48.0,48.0,51.0,51.0,51.0,51.0,48.0,48.0,48.0,48.0,48.0,48.0,48.0,48.0,48.0,48.0,48.0,48.0
papago107,35.0,53.0,53.0,53.0,53.0,53.0,53.0,53.0,53.0,53.0,62.0,62.0,62.0,62.0,62.0,58.0,58.0,58.0,62.0,62.0,62.0,60.0,60.0,60.0,58.0,58.0,58.0,55.0,55.0,53.0,53.0,53.0,50.0,50.0,50.0,55.0,55.0,55.0,53.0,53.0,53.0,55.0,55.0,55.0,55.0,55.0,53.0,53.0,53.0,53.0,53.0,53.0,62.0,62.0,62.0,62.0,62.0,60.0,60.0,60.0,60.0,58.0,58.0,58.0,62.0,62.0,62.0,60.0,60.0,58.0,58.0,58.0,53.0,53.0,53.0,55.0,55.0,55.0,53.0,53.0,50.0,50.0,50.0,50.0,53.0,53.0,53.0,53.0,53.0,53.0,53.0,53.0,53.0,53.0,53.0,53.0,53.0,53.0,53.0,53.0,53.0
papago108,43.0,63.0,63.0,63.0,63.0,63.0,63.0,63.0,60.0,60.0,58.0,58.0,58.0,63.0,63.0,63.0,58.0,58.0,60.0,60.0,58.0,58.0,53.0,53.0,53.0,51.0,51.0,56.0,56.0,56.0,56.0,53.0,53.0,53.0,51.0,48.0,51.0,51.0,53.0,53.0,53.0,53.0,51.0,51.0,51.0,51.0,49.0,49.0,49.0,49.0,49.0,49.0,49.0,49.0,49.0,49.0,49.0,49.0,49.0,53.0,53.0,53.0,53.0,53.0,58.0,58.0,58.0,58.0,56.0,56.0,56.0,51.0,51.0,53.0,53.0,48.0,48.0,51.0,51.0,51.0,51.0,51.0,53.0,53.0,53.0,53.0,51.0,51.0,51.0,51.0,51.0,51.0,51.0,51.0,51.0,51.0,51.0,51.0,51.0,51.0,51.0
papago109,47.0,54.0,54.0,54.0,54.0,54.0,49.0,49.0,47.0,47.0,47.0,47.0,47.0,47.0,52.0,52.0,49.0,49.0,49.0,49.0,49.0,49.0,49.0,47.0,47.0,47.0,47.0,49.0,49.0,49.0,49.0,52.0,52.0,47.0,47.0,44.0,44.0,42.0,42.0,47.0,47.0,47.0,47.0,47.0,47.0,47.0,47.0,47.0,42.0,42.0,49.0,49.0,49.0,47.0,49.0,49.0,49.0,47.0,47.0,47.0,44.0,44.0,42.0,42.0,42.0,47.0,47.0,47.0,47.0,47.0,47.0,47.0,47.0,47.0,47.0,47.0,47.0,47.0,42.0,47.0,47.0,47.0,44.0,44.0,40.0,37.0,37.0,37.0,42.0,42.0,42.0,42.0,42.0,42.0,42.0,42.0,42.0,42.0,42.0,42.0,42.0
papago110,90.0,50.0,50.0,50.0,50.0,50.0,62.0,62.0,62.0,62.0,59.0,57.0,59.0,59.0,57.0,57.0,54.0,52.0,50.0,50.0,50.0,52.0,52.0,52.0,52.0,52.0,52.0,52.0,52.0,52.0,52.0,52.0,52.0,52.0,57.0,57.0,57.0,55.0,57.0,57.0,55.0,50.0,50.0,50.0,52.0,52.0,52.0,50.0,50.0,50.0,52.0,50.0,47.0,45.0,45.0,50.0,50.0,50.0,50.0,50.0,50.0,50.0,47.0,52.0,52.0,49.0,52.0,52.0,50.0,52.0,52.0,52.0,50.0,47.0,54.0,57.0,57.0,57.0,57.0,57.0,52.0,52.0,50.0,50.0,50.0,52.0,52.0,50.0,50.0,50.0,50.0,52.0,50.0,47.0,45.0,45.0,50.0,50.0,50.0,50.0,50.0
papago111,74.0,51.0,51.0,51.0,60.0,60.0,56.0,56.0,58.0,58.0,56.0,56.0,56.0,51.0,51.0,51.0,51.0,51.0,51.0,51.0,49.0,49.0,51.0,51.0,49.0,49.0,49.0,46.0,49.0,49.0,49.0,49.0,49.0,49.0,49.0,56.0,56.0,56.0,58.0,58.0,56.0,56.0,56.0,51.0,56.0,56.0,56.0,58.0,58.0,56.0,56.0,58.0,58.0,58.0,56.0,56.0,55.0,55.0,56.0,51.0,51.0,51.0,51.0,49.0,49.0,49.0,46.0,51.0,51.0,51.0,51.0,51.0,56.0,56.0,56.0,51.0,51.0,49.0,51.0,51.0,46.0,46.0,51.0,51.0,51.0,51.0,51.0,49.0,46.0,46.0,51.0,51.0,51.0,51.0,51.0,51.0,51.0,51.0,51.0,51.0,51.0
papago112,57.0,52.0,52.0,61.0,61.0,61.0,61.0,61.0,59.0,59.0,59.0,59.0,59.0,59.0,59.0,59.0,59.0,56.0,56.0,56.0,56.0,56.0,56.0,56.0,59.0,59.0,59.0,61.0,59.0,56.0,56.0,56.0,56.0,54.0,52.0,52.0,54.0,54.0,52.0,52.0,52.0,47.0,47.0,55.0,55.0,55.0,55.0,55.0,54.0,54.0,52.0,52.0,54.0,52.0,52.0,52.0,52.0,47.0,47.0,54.0,54.0,52.0,52.0,52.0,54.0,52.0,52.0,52.0,52.0,52.0,52.0,52.0,52.0,47.0,52.0,52.0,54.0,52.0,52.0,52.0,52.0,52.0,52.0,47.0,47.0,54.0,52.0,52.0,52.0,52.0,52.0,52.0,52.0,49.0,52.0,52.0,52.0,52.0,52.0,52.0,52.0
papago113,34.0,51.0,51.0,51.0,58.0,58.0,58.0,58.0,58.0,58.0,58.0,58.0,53.0,56.0,56.0,56.0,56.0,56.0,56.0,56.0,56.0,53.0,53.0,53.0,53.0,51.0,51.0,51.0,48.0,48.0,48.0,51.0,51.0,51.0,51.0,51.0,46.0,46.0,46.0,53.0,53.0,53.0,56.0,56.0,56.0,56.0,56.0,56.0,53.0,53.0,53.0,51.0,51.0,51.0,53.0,53.0,53.0,56.0,56.0,56.0,53.0,53.0,53.0,51.0,51.0,48.0,51.0,51.0,51.0,51.0,51.0,46.0,46.0,46.0,53.0,53.0,53.0,53.0,53.0,53.0,51.0,51.0,48.0,51.0,51.0,51.0,51.0,51.0,51.0,46.0,46.0,46.0,51.0,51.0,51.0,51.0,51.0,51.0,51.0,51.0,51.0
papago114,34.5,55.0,55.0,55.0,55.0,62.0,62.0,62.0,59.0,57.0,57.0,57.0,57.0,57.0,62.0,57.0,59.0,57.0,55.0,55.0,55.0,52.0,55.0,55.0,52.0,50.0,50.0,50.0,50.0,50.0,50.0,50.0,60.0,60.0,57.0,57.0,57.0,55.0,55.0,55.0,55.0,55.0,52.0,55.0,55.0,57.0,52.0,52.0,52.0,50.0,50.0,50.0,50.0,50.0,50.0,60.0,60.0,57.0,57.0,57.0,55.0,55.0,55.0,55.0,55.0,52.0,57.0,57.0,52.0,55.0,55.0,55.0,55.0,55.0,55.0,52.0,52.0,52.0,50.0,50.0,50.0,50.0,50.0,57.0,57.0,57.0,55.0,55.0,52.0,55.0,55.0,55.0,55.0,55.0,52.0,55.0,55.0,55.0,55.0,55.0,55.0
papago115,38.5,56.0,56.0,56.0,63.0,63.0,63.0,63.0,63.0,58.0,58.0,58.0,63.0,63.0,63.0,63.0,58.0,56.0,56.0,53.0,53.0,61.0,61.0,58.0,58.0,56.0,53.0,53.0,56.0,56.0,56.0,56.0,53.0,53.0,53.0,53.0,58.0,58.0,58.0,61.0,61.0,58.0,58.0,58.0,56.0,56.0,58.0,58.0,58.0,58.0,56.0,56.0,53.0,53.0,56.0,56.0,56.0,56.0,56.0,56.0,56.0,56.0,56.0,53.0,53.0,53.0,53.0,56.0,56.0,56.0,58.0,58.0,58.0,58.0,58.0,58.0,56.0,56.0,56.0,56.0,56.0,53.0,56.0,56.0,56.0,56.0,53.0,53.0,51.0,49.0,56.0,56.0,56.0,56.0,56.0,56.0,56.0,56.0,56.0,56.0,56.0
papago116,35.0,53.0,53.0,53.0,60.0,60.0,60.0,60.0,60.0,60.0,55.0,60.0,60.0,60.0,60.0,60.0,55.0,58.0,58.0,58.0,58.0,55.0,55.0,55.0,55.0,55.0,60.0,60.0,60.0,60.0,57.0,55.0,55.0,55.0,53.0,55.0,55.0,53.0,53.0,53.0,50.0,53.0,53.0,53.0,53.0,53.0,53.0,53.0,53.0,53.0,50.0,50.0,53.0,53.0,53.0,57.0,57.0,57.0,55.0,53.0,53.0,55.0,55.0,55.0,53.0,55.0,55.0,53.0,53.0,53.0,53.0,53.0,53.0,53.0,53.0,53.0,53.0,53.0,53.0,53.0,53.0,53.0,53.0,53.0,53.0,53.0,48.0,48.0,53.0,53.0,53.0,53.0,53.0,53.0,53.0,53.0,53.0,53.0,53.0,53.0,53.0
papago117,20.0,51.0,51.0,51.0,51.0,51.0,60.0,60.0,60.0,60.0,58.0,60.0,60.0,60.0,60.0,56.0,56.0,56.0,56.0,56.0,56.0,53.0,53.0,53.0,56.0,53.0,58.0,58.0,58.0,58.0,58.0,51.0,51.0,51.0,48.0,48.0,48.0,48.0,48.0,48.0,48.0,48.0,48.0,48.0,51.0,51.0,53.0,53.0,53.0,53.0,48.0,51.0,51.0,51.0,51.0,51.0,51.0,51.0,48.0,48.0,48.0,51.0,51.0,53.0,53.0,51.0,53.0,53.0,53.0,53.0,53.0,53.0,53.0,53.0,53.0,48.0,51.0,51.0,51.0,48.0,48.0,53.0,53.0,53.0,48.0,48.0,51.0,51.0,51.0,51.0,51.0,51.0,51.0,51.0,51.0,51.0,51.0,51.0,51.0,51.0,51.0
papago118,24.0,53.0,53.0,53.0,53.0,53.0,60.0,60.0,60.0,60.0,60.0,60.0,60.0,60.0,60.0,60.0,57.0,57.0,60.0,60.0,60.0,60.0,55.0,53.0,55.0,55.0,55.0,53.0,50.0,50.0,53.0,53.0,53.0,53.0,53.0,53.0,50.0,50.0,50.0,55.0,55.0,55.0,55.0,55.0,53.0,50.0,50.0,55.0,55.0,55.0,53.0,50.0,50.0,50.0,50.0,53.0,53.0,53.0,53.0,53.0,53.0,50.0,50.0,53.0,53.0,53.0,53.0,53.0,53.0,50.0,50.0,50.0,53.0,53.0,53.0,53.0,53.0,53.0,53.0,53.0,53.0,53.0,53.0,50.0,53.0,53.0,53.0,53.0,53.0,53.0,53.0,53.0,53.0,53.0,53.0,53.0,53.0,53.0,53.0,53.0,53.0
papago119,47.0,60.0,60.0,60.0,60.0,60.0,60.0,60.0,60.0,57.0,57.0,57.0,55.0,55.0,55.0,55.0,50.0,50.0,55.0,55.0,55.0,55.0,50.0,55.0,55.0,55.0,57.0,55.0,55.0,55.0,53.0,53.0,53.0,50.0,50.0,50.0,50.0,45.0,45.0,50.0,50.0,50.0,50.0,50.0,50.0,50.0,50.0,50.0,50.0,55.0,55.0,55.0,55.0,55.0,55.0,55.0,50.0,50.0,48.0,48.0,45.0,45.0,45.0,50.0,50.0,50.0,50.0,50.0,50.0,50.0,50.0,48.0,48.0,48.0,48.0,50.0,50.0,50.0,50.0,50.0,48.0,48.0,45.0,45.0,48.0,48.0,48.0,48.0,48.0,48.0,48.0,48.0,48.0,48.0,48.0,48.0,48.0,48.0,48.0,48.0,48.0
papago120,52.0,60.0,60.0,60.0,60.0,58.0,60.0,58.0,58.0,58.0,58.0,55.0,55.0,58.0,55.0,55.0,55.0,51.0,48.0,51.0,51.0,48.0,51.0,53.0,53.0,53.0,53.0,53.0,53.0,53.0,53.0,53.0,51.0,48.0,53.0,53.0,51.0,51.0,51.0,51.0,51.0,51.0,51.0,48.0,48.0,53.0,51.0,51.0,48.0,53.0,53.0,53.0,53.0,53.0,53.0,53.0,53.0,60.0,58.0,60.0,58.0,60.0,60.0,58.0,55.0,53.0,53.0,53.0,51.0,48.0,51.0,51.0,48.0,48.0,48.0,48.0,48.0,48.0,51.0,51.0,53.0,53.0,53.0,51.0,51.0,53.0,53.0,53.0,53.0,53.0,53.0,51.0,48.0,48.0,48.0,51.0,51.0,51.0,51.0,51.0,51.0
papago121,29.5,58.0,58.0,58.0,58.0,59.0,59.0,59.0,59.0,59.0,59.0,59.0,58.0,53.0,53.0,54.0,54.0,54.0,54.0,54.0,53.0,53.0,51.0,51.0,51.0,54.0,54.0,53.0,54.0,54.0,54.0,54.0,54.0,54.0,54.0,53.0,53.0,53.0,51.0,51.0,51.0,51.0,51.0,53.0,53.0,51.0,51.0,51.0,51.0,51.0,47.0,46.0,46.0,46.0,46.0,46.0,46.0,46.0,46.0,54.0,53.0,53.0,54.0,54.0,54.0,54.0,53.0,51.0,51.0,51.0,53.0,53.0,53.0,53.0,51.0,51.0,51.0,47.0,46.0,46.0,51.0,51.0,51.0,51.0,51.0,47.0,46.0,51.0,51.0,51.0,51.0,51.0,51.0,51.0,46.0,46.0,46.0,46.0,46.0,46.0,46.0
papago122,23.0,60.0,60.0,60.0,60.0,58.0,60.0,60.0,60.0,60.0,60.0,60.0,58.0,58.0,55.0,55.0,55.0,55.0,55.0,60.0,60.0,60.0,58.0,60.0,60.0,60.0,60.0,60.0,60.0,58.0,58.0,58.0,55.0,55.0,53.0,53.0,53.0,53.0,53.0,53.0,51.0,51.0,48.0,48.0,48.0,51.0,51.0,51.0,51.0,48.0,48.0,48.0,48.0,48.0,48.0,48.0,48.0,51.0,51.0,51.0,51.0,51.0,53.0,51.0,53.0,53.0,53.0,53.0,53.0,53.0,51.0,51.0,51.0,51.0,48.0,53.0,53.0,51.0,51.0,51.0,51.0,51.0,48.0,63.0,63.0,63.0,63.0,63.0,63.0,63.0,63.0,63.0,63.0,63.0,63.0,63.0,63.0,63.0,63.0,63.0,63.0
papago123,45.0,60.0,60.0,60.0,60.0,60.0,60.0,60.0,60.0,60.0,60.0,55.0,60.0,60.0,60.0,60.0,60.0,60.0,58.0,55.0,55.0,58.0,58.0,55.0,55.0,58.0,55.0,53.0,53.0,55.0,55.0,55.0,58.0,58.0,58.0,58.0,60.0,58.0,55.0,53.0,53.0,55.0,55.0,53.0,55.0,53.0,53.0,53.0,50.0,53.0,53.0,53.0,55.0,55.0,55.0,53.0,53.0,53.0,53.0,55.0,55.0,55.0,53.0,55.0,55.0,53.0,55.0,51.0,51.0,51.0,51.0,46.0,53.0,53.0,51.0,53.0,55.0,53.0,53.0,53.0,53.0,51.0,51.0,53.0,53.0,53.0,53.0,53.0,53.0,53.0,53.0,53.0,53.0,53.0,53.0,60.0,60.0,60.0,60.0,60.0,60.0
papago124,37.0,60.0,60.0,60.0,60.0,60.0,60.0,60.0,60.0,60.0,60.0,60.0,60.0,60.0,55.0,60.0,60.0,60.0,60.0,60.0,60.0,60.0,55.0,57.0,53.0,53.0,60.0,60.0,60.0,60.0,60.0,62.0,60.0,60.0,55.0,57.0,55.0,55.0,53.0,53.0,53.0,53.0,55.0,55.0,55.0,55.0,55.0,57.0,53.0,53.0,53.0,55.0,57.0,57.0,55.0,53.0,53.0,53.0,48.0,48.0,53.0,53.0,53.0,53.0,53.0,53.0,53.0,53.0,50.0,50.0,50.0,53.0,53.0,53.0,53.0,50.0,53.0,53.0,53.0,53.0,50.0,50.0,53.0,53.0,53.0,53.0,53.0,53.0,53.0,53.0,53.0,48.0,53.0,53.0,53.0,53.0,53.0,53.0,53.0,53.0,53.0
papago125,46.0,61.0,61.0,61.0,61.0,61.0,61.0,61.0,61.0,61.0,61.0,58.0,61.0,61.0,61.0,61.0,58.0,56.0,56.0,56.0,56.0,54.0,54.0,56.0,59.0,59.0,59.0,54.0,54.0,54.0,54.0,54.0,51.0,51.0,54.0,56.0,54.0,54.0,56.0,52.0,52.0,47.0,54.0,52.0,54.0,52.0,52.0,56.0,52.0,54.0,54.0,54.0,54.0,56.0,52.0,54.0,54.0,54.0,54.0,54.0,54.0,52.0,54.0,54.0,54.0,54.0,54.0,54.0,54.0,47.0,54.0,54.0,54.0,54.0,54.0,54.0,54.0,54.0,54.0,56.0,61.0,61.0,61.0,56.0,56.0,56.0,56.0,56.0,56.0,54.0,56.0,59.0,59.0,59.0,54.0,54.0,54.0,54.0,54.0,52.0,52.0
papago126,56.0,51.0,51.0,58.0,58.0,58.0,58.0,58.0,58.0,58.0,58.0,56.0,53.0,51.0,51.0,51.0,51.0,53.0,53.0,51.0,51.0,51.0,51.0,51.0,51.0,51.0,51.0,51.0,58.0,58.0,58.0,58.0,58.0,59.0,58.0,58.0,56.0,53.0,51.0,51.0,51.0,51.0,53.0,53.0,51.0,51.0,51.0,51.0,51.0,51.0,51.0,51.0,49.0,53.0,53.0,56.0,56.0,53.0,51.0,51.0,51.0,48.0,53.0,51.0,51.0,51.0,51.0,48.0,48.0,51.0,51.0,51.0,51.0,51.0,51.0,51.0,51.0,49.0,53.0,56.0,56.0,53.0,53.0,51.0,51.0,48.0,53.0,53.0,51.0,51.0,51.0,51.0,48.0,51.0,51.0,51.0,51.0,51.0,51.0,51.0,51.0
papago127,65.0,61.0,61.0,59.0,59.0,59.0,59.0,59.0,59.0,59.0,57.0,52.0,52.0,52.0,52.0,57.0,57.0,50.0,54.0,54.0,52.0,52.0,52.0,52.0,52.0,52.0,52.0,61.0,59.0,59.0,59.0,59.0,59.0,59.0,59.0,57.0,54.0,52.0,52.0,52.0,57.0,57.0,54.0,54.0,54.0,52.0,52.0,52.0,52.0,52.0,52.0,52.0,57.0,59.0,59.0,61.0,59.0,59.0,59.0,57.0,57.0,54.0,52.0,52.0,54.0,57.0,54.0,50.0,54.0,52.0,52.0,52.0,52.0,52.0,52.0,52.0,57.0,54.0,59.0,61.0,61.0,59.0,59.0,59.0,57.0,54.0,54.0,52.0,54.0,57.0,57.0,50.0,54.0,54.0,52.0,52.0,52.0,52.0,52.0,52.0,52.0
papago128,64.0,52.0,52.0,59.0,59.0,55.0,57.0,57.0,57.0,54.0,54.0,54.0,59.0,57.0,52.0,52.0,52.0,52.0,52.0,50.0,52.0,52.0,54.0,54.0,54.0,52.0,52.0,52.0,52.0,52.0,52.0,59.0,59.0,55.0,57.0,57.0,57.0,54.0,54.0,54.0,59.0,57.0,52.0,52.0,52.0,52.0,50.0,50.0,52.0,54.0,54.0,54.0,54.0,52.0,52.0,52.0,52.0,57.0,54.0,59.0,57.0,54.0,57.0,54.0,52.0,52.0,52.0,52.0,50.0,50.0,52.0,54.0,52.0,54.0,52.0,52.0,52.0,52.0,52.0,57.0,59.0,59.0,54.0,57.0,57.0,52.0,52.0,52.0,52.0,52.0,50.0,52.0,52.0,54.0,54.0,54.0,52.0,52.0,52.0,52.0,52.0
papago129,76.0,60.0,60.0,60.0,60.0,56.0,56.0,58.0,58.0,58.0,58.0,53.0,53.0,58.0,53.0,53.0,53.0,53.0,53.0,51.0,53.0,53.0,53.0,53.0,53.0,53.0,53.0,53.0,60.0,60.0,60.0,56.0,56.0,58.0,58.0,58.0,58.0,53.0,53.0,58.0,53.0,53.0,53.0,53.0,53.0,51.0,53.0,53.0,53.0,53.0,53.0,53.0,55.0,55.0,58.0,55.0,53.0,53.0,53.0,53.0,55.0,53.0,49.0,55.0,58.0,53.0,53.0,53.0,53.0,53.0,51.0,53.0,53.0,53.0,53.0,53.0,53.0,55.0,58.0,58.0,53.0,53.0,53.0,53.0,53.0,55.0,53.0,55.0,55.0,55.0,53.0,53.0,53.0,53.0,51.0,53.0,53.0,53.0,53.0,53.0,53.0
papago130,31.0,55.0,55.0,55.0,55.0,62.0,62.0,62.0,62.0,62.0,62.0,62.0,62.0,62.0,59.0,59.0,57.0,57.0,57.0,57.0,57.0,62.0,62.0,62.0,62.0,62.0,62.0,59.0,59.0,57.0,57.0,57.0,57.0,55.0,55.0,55.0,55.0,52.0,50.0,50.0,57.0,57.0,57.0,57.0,57.0,57.0,60.0,60.0,57.0,62.0,62.0,62.0,62.0,60.0,60.0,60.0,57.0,57.0,57.0,55.0,55.0,55.0,52.0,52.0,52.0,57.0,57.0,55.0,55.0,57.0,57.0,57.0,55.0,55.0,55.0,52.0,50.0,50.0,57.0,57.0,57.0,55.0,55.0,55.0,55.0,52.0,52.0,52.0,55.0,55.0,55.0,52.0,52.0,52.0,55.0,55.0,55.0,55.0,55.0,55.0,55.0
papago131,28.0,64.0,64.0,64.0,64.0,64.0,64.0,63.0,63.0,63.0,63.0,63.0,63.0,63.0,59.0,59.0,59.0,59.0,59.0,61.0,61.0,59.0,59.0,58.0,56.0,56.0,56.0,56.0,56.0,56.0,58.0,58.0,58.0,58.0,63.0,63.0,63.0,63.0,63.0,63.0,63.0,63.0,59.0,59.0,59.0,59.0,59.0,59.0,59.0,59.0,59.0,59.0,59.0,58.0,58.0,56.0,56.0,56.0,56.0,56.0,56.0,56.0,56.0,58.0,56.0,56.0,56.0,58.0,56.0,56.0,56.0,56.0,56.0,56.0,56.0,56.0,56.0,56.0,58.0,56.0,56.0,56.0,56.0,56.0,56.0,56.0,56.0,56.0,56.0,56.0,56.0,56.0,56.0,56.0,56.0,56.0,56.0,56.0,56.0,56.0,56.0
papago132,32.5,63.0,63.0,63.0,63.0,63.0,63.0,63.0,63.0,61.0,61.0,63.0,63.0,63.0,61.0,58.0,58.0,58.0,58.0,58.0,63.0,63.0,63.0,63.0,61.0,61.0,63.0,61.0,61.0,58.0,58.0,58.0,58.0,58.0,58.0,58.0,58.0,56.0,58.0,58.0,58.0,56.0,56.0,54.0,54.0,54.0,61.0,61.0,61.0,61.0,58.0,58.0,58.0,60.0,60.0,58.0,56.0,56.0,56.0,53.0,53.0,51.0,51.0,51.0,51.0,56.0,56.0,56.0,56.0,54.0,58.0,58.0,58.0,56.0,56.0,56.0,56.0,56.0,56.0,56.0,56.0,53.0,56.0,56.0,56.0,56.0,56.0,56.0,56.0,56.0,56.0,56.0,56.0,56.0,56.0,56.0,56.0,56.0,56.0,56.0,56.0
papago133,42.0,61.0,61.0,60.0,61.0,58.0,58.0,58.0,58.0,58.0,58.0,58.0,58.0,58.0,54.0,54.0,54.0,54.0,61.0,61.0,61.0,54.0,54.0,54.0,54.0,56.0,54.0,54.0,54.0,54.0,53.0,53.0,53.0,53.0,58.0,58.0,58.0,58.0,58.0,58.0,58.0,58.0,54.0,54.0,58.0,58.0,58.0,58.0,58.0,54.0,54.0,58.0,58.0,54.0,54.0,54.0,54.0,54.0,54.0,53.0,53.0,53.0,53.0,58.0,58.0,58.0,58.0,58.0,58.0,58.0,54.0,54.0,58.0,58.0,58.0,58.0,58.0,54.0,54.0,58.0,58.0,58.0,58.0,58.0,54.0,54.0,58.0,58.0,58.0,58.0,58.0,58.0,58.0,58.0,58.0,58.0,58.0,58.0,58.0,58.0,58.0
papago134,22.0,52.0,52.0,52.0,59.0,59.0,59.0,59.0,59.0,59.0,59.0,59.0,57.0,59.0,59.0,59.0,59.0,59.0,59.0,57.0,57.0,57.0,52.0,52.0,52.0,52.0,57.0,57.0,57.0,57.0,52.0,52.0,52.0,52.0,52.0,59.0,57.0,59.0,59.0,59.0,59.0,57.0,54.0,54.0,54.0,54.0,54.0,54.0,54.0,52.0,50.0,52.0,52.0,52.0,52.0,50.0,50.0,50.0,47.0,47.0,57.0,57.0,57.0,57.0,59.0,59.0,59.0,59.0,59.0,59.0,59.0,59.0,59.0,57.0,57.0,57.0,57.0,57.0,54.0,54.0,54.0,50.0,52.0,52.0,52.0,52.0,52.0,47.0,47.0,52.0,52.0,52.0,52.0,52.0,52.0,52.0,52.0,52.0,52.0,52.0,52.0
papago135,45.5,54.0,54.0,61.0,61.0,61.0,59.0,61.0,61.0,61.0,61.0,61.0,63.0,63.0,63.0,61.0,61.0,61.0,59.0,56.0,56.0,56.0,56.0,54.0,54.0,54.0,54.0,54.0,51.0,49.0,56.0,56.0,59.0,59.0,56.0,56.0,59.0,59.0,59.0,59.0,56.0,59.0,56.0,54.0,54.0,54.0,54.0,51.0,51.0,56.0,56.0,56.0,61.0,61.0,59.0,56.0,56.0,56.0,56.0,51.0,56.0,54.0,54.0,54.0,54.0,51.0,54.0,54.0,54.0,54.0,54.0,54.0,54.0,51.0,54.0,51.0,51.0,59.0,59.0,59.0,56.0,51.0,51.0,51.0,56.0,56.0,54.0,54.0,54.0,54.0,51.0,49.0,54.0,54.0,54.0,54.0,54.0,54.0,54.0,54.0,54.0
papago136,39.0,61.0,61.0,61.0,61.0,61.0,61.0,59.0,59.0,61.0,61.0,61.0,61.0,61.0,59.0,59.0,59.0,59.0,54.0,56.0,56.0,54.0,52.0,52.0,49.0,49.0,47.0,47.0,47.0,47.0,47.0,47.0,56.0,56.0,56.0,56.0,56.0,54.0,52.0,52.0,56.0,56.0,56.0,56.0,56.0,56.0,56.0,56.0,52.0,52.0,54.0,54.0,52.0,52.0,52.0,52.0,52.0,49.0,49.0,47.0,47.0,47.0,47.0,47.0,47.0,56.0,56.0,56.0,56.0,56.0,54.0,52.0,52.0,56.0,56.0,56.0,56.0,56.0,56.0,56.0,52.0,52.0,52.0,54.0,54.0,52.0,52.0,52.0,52.0,52.0,49.0,49.0,47.0,52.0,52.0,52.0,52.0,52.0,52.0,52.0,52.0
papago137,57.0,61.0,61.0,61.0,59.0,61.0,61.0,59.0,56.0,56.0,54.0,54.0,56.0,56.0,56.0,59.0,56.0,59.0,56.0,56.0,56.0,56.0,54.0,54.0,52.0,52.0,52.0,52.0,52.0,52.0,52.0,49.0,47.0,47.0,47.0,47.0,52.0,52.0,52.0,52.0,52.0,52.0,52.0,49.0,47.0,52.0,52.0,52.0,52.0,52.0,49.0,49.0,49.0,49.0,49.0,59.0,59.0,61.0,61.0,59.0,59.0,56.0,54.0,54.0,56.0,54.0,54.0,52.0,52.0,49.0,47.0,47.0,47.0,52.0,52.0,52.0,54.0,54.0,54.0,52.0,52.0,49.0,47.0,47.0,47.0,52.0,52.0,52.0,49.0,47.0,52.0,52.0,52.0,52.0,52.0,52.0,52.0,52.0,52.0,52.0,52.0
papago138,54.0,63.0,63.0,63.0,63.0,63.0,63.0,63.0,60.0,63.0,63.0,63.0,60.0,58.0,58.0,58.0,63.0,63.0,63.0,63.0,63.0,63.0,63.0,60.0,58.0,58.0,58.0,58.0,58.0,58.0,58.0,53.0,53.0,53.0,56.0,56.0,53.0,51.0,51.0,51.0,46.0,46.0,51.0,51.0,51.0,46.0,46.0,46.0,46.0,46.0,46.0,46.0,46.0,58.0,58.0,58.0,58.0,60.0,60.0,58.0,58.0,58.0,58.0,53.0,55.0,53.0,53.0,56.0,56.0,56.0,56.0,56.0,56.0,56.0,56.0,53.0,53.0,53.0,51.0,51.0,48.0,48.0,53.0,53.0,53.0,53.0,51.0,51.0,51.0,51.0,51.0,48.0,48.0,46.0,46.0,46.0,46.0,46.0,46.0,46.0,46.0
papago139,42.0,61.0,61.0,61.0,61.0,61.0,61.0,61.0,61.0,61.0,61.0,61.0,61.0,58.0,56.0,56.0,56.0,56.0,53.0,53.0,56.0,56.0,56.0,56.0,56.0,56.0,56.0,56.0,56.0,56.0,61.0,61.0,61.0,58.0,61.0,61.0,61.0,58.0,58.0,56.0,56.0,56.0,53.0,53.0,51.0,51.0,51.0,51.0,51.0,51.0,51.0,49.0,49.0,46.0,46.0,46.0,46.0,46.0,46.0,46.0,46.0,46.0,46.0,46.0,46.0,46.0,46.0,51.0,51.0,51.0,51.0,46.0,49.0,49.0,49.0,49.0,46.0,49.0,49.0,49.0,49.0,49.0,46.0,46.0,49.0,49.0,49.0,49.0,46.0,49.0,49.0,49.0,49.0,49.0,49.0,49.0,49.0,49.0,49.0,49.0,49.0
papago140,38.0,60.0,60.0,60.0,60.0,60.0,58.0,55.0,55.0,53.0,53.0,51.0,60.0,60.0,58.0,60.0,60.0,60.0,60.0,60.0,58.0,58.0,55.0,55.0,55.0,60.0,60.0,60.0,60.0,60.0,55.0,55.0,53.0,51.0,51.0,53.0,53.0,51.0,53.0,53.0,53.0,53.0,53.0,51.0,48.0,48.0,51.0,51.0,51.0,51.0,48.0,51.0,51.0,51.0,51.0,51.0,60.0,60.0,58.0,60.0,60.0,60.0,60.0,58.0,55.0,55.0,53.0,55.0,55.0,53.0,53.0,53.0,51.0,51.0,55.0,55.0,53.0,51.0,51.0,51.0,55.0,53.0,51.0,51.0,48.0,51.0,53.0,51.0,51.0,51.0,51.0,51.0,51.0,51.0,51.0,51.0,51.0,51.0,51.0,51.0,51.0
papago141,28.0,53.0,53.0,53.0,53.0,60.0,60.0,60.0,60.0,60.0,60.0,58.0,55.0,55.0,55.0,55.0,53.0,53.0,53.0,55.0,55.0,55.0,53.0,55.0,55.0,55.0,53.0,53.0,53.0,53.0,60.0,60.0,58.0,60.0,60.0,60.0,60.0,60.0,60.0,58.0,55.0,55.0,55.0,55.0,53.0,53.0,51.0,51.0,51.0,48.0,48.0,51.0,51.0,51.0,51.0,48.0,48.0,48.0,53.0,53.0,53.0,53.0,55.0,55.0,53.0,53.0,53.0,53.0,53.0,55.0,55.0,55.0,55.0,55.0,53.0,53.0,51.0,51.0,55.0,53.0,53.0,53.0,53.0,53.0,53.0,53.0,53.0,53.0,53.0,53.0,53.0,53.0,53.0,53.0,53.0,53.0,53.0,53.0,53.0,53.0,53.0
papago142,32.0,56.0,56.0,56.0,56.0,56.0,56.0,56.0,58.0,58.0,58.0,56.0,51.0,51.0,56.0,56.0,56.0,56.0,56.0,56.0,56.0,56.0,51.0,54.0,54.0,54.0,51.0,51.0,51.0,51.0,51.0,51.0,54.0,54.0,51.0,51.0,56.0,56.0,56.0,56.0,56.0,56.0,51.0,51.0,53.0,51.0,51.0,49.0,51.0,51.0,49.0,49.0,49.0,46.0,49.0,49.0,49.0,49.0,49.0,49.0,49.0,49.0,46.0,49.0,49.0,49.0,46.0,46.0,46.0,49.0,49.0,49.0,49.0,49.0,49.0,49.0,51.0,51.0,51.0,46.0,46.0,49.0,49.0,49.0,49.0,49.0,49.0,49.0,54.0,54.0,54.0,51.0,51.0,51.0,54.0,54.0,51.0,54.0,54.0,54.0,54.0
papago143,34.0,56.0,56.0,56.0,56.0,56.0,58.0,56.0,56.0,56.0,56.0,56.0,56.0,52.0,52.0,52.0,51.0,51.0,49.0,56.0,56.0,56.0,52.0,52.0,52.0,51.0,49.0,49.0,52.0,52.0,49.0,51.0,51.0,49.0,49.0,49.0,51.0,49.0,49.0,51.0,51.0,51.0,49.0,49.0,49.0,49.0,49.0,49.0,52.0,52.0,51.0,52.0,52.0,49.0,51.0,49.0,49.0,49.0,49.0,49.0,51.0,49.0,49.0,49.0,49.0,49.0,51.0,49.0,49.0,49.0,49.0,49.0,49.0,49.0,49.0,49.0,49.0,52.0,52.0,52.0,52.0,52.0,49.0,51.0,51.0,51.0,51.0,51.0,51.0,52.0,52.0,52.0,52.0,52.0,49.0,51.0,51.0,51.0,51.0,51.0,51.0
papago144,33.0,56.0,56.0,56.0,56.0,56.0,56.0,54.0,54.0,52.0,51.0,51.0,51.0,51.0,51.0,51.0,51.0,51.0,51.0,51.0,51.0,51.0,49.0,49.0,49.0,49.0,49.0,49.0,51.0,51.0,51.0,49.0,49.0,49.0,49.0,49.0,49.0,49.0,49.0,49.0,49.0,49.0,49.0,49.0,49.0,49.0,51.0,51.0,51.0,51.0,51.0,51.0,51.0,51.0,51.0,51.0,51.0,51.0,51.0,51.0,51.0,49.0,49.0,49.0,51.0,51.0,51.0,49.0,49.0,49.0,51.0,51.0,51.0,49.0,49.0,49.0,51.0,51.0,51.0,51.0,51.0,51.0,51.0,51.0,51.0,51.0,51.0,51.0,51.0,51.0,51.0,54.0,54.0,54.0,54.0,54.0,54.0,52.0,52.0,52.0,52.0
papago145,45.5,52.0,52.0,52.0,59.0,57.0,59.0,57.0,55.0,55.0,55.0,54.0,54.0,54.0,54.0,54.0,54.0,54.0,52.0,52.0,52.0,53.0,53.0,57.0,57.0,57.0,56.0,54.0,52.0,52.0,52.0,52.0,52.0,52.0,52.0,52.0,52.0,52.0,52.0,52.0,52.0,52.0,52.0,52.0,52.0,54.0,54.0,54.0,54.0,56.0,54.0,54.0,54.0,54.0,54.0,52.0,52.0,54.0,54.0,52.0,52.0,52.0,52.0,52.0,52.0,52.0,52.0,52.0,52.0,52.0,52.0,52.0,52.0,52.0,52.0,52.0,52.0,52.0,52.0,52.0,52.0,49.0,49.0,52.0,52.0,52.0,52.0,49.0,49.0,49.0,52.0,52.0,52.0,52.0,52.0,52.0,52.0,52.0,52.0,52.0,52.0
papago146,45.5,53.0,53.0,53.0,60.0,58.0,60.0,58.0,56.0,56.0,56.0,55.0,55.0,55.0,55.0,55.0,55.0,55.0,53.0,53.0,53.0,55.0,55.0,58.0,58.0,58.0,56.0,55.0,53.0,53.0,53.0,53.0,53.0,53.0,53.0,53.0,53.0,53.0,53.0,53.0,53.0,53.0,53.0,53.0,50.0,55.0,55.0,55.0,55.0,53.0,53.0,53.0,50.0,53.0,53.0,53.0,53.0,53.0,53.0,53.0,53.0,53.0,53.0,53.0,51.0,51.0,51.0,51.0,53.0,53.0,51.0,51.0,53.0,53.0,53.0,51.0,51.0,53.0,53.0,53.0,53.0,53.0,53.0,51.0,51.0,53.0,53.0,51.0,51.0,51.0,53.0,53.0,53.0,53.0,53.0,53.0,53.0,53.0,53.0,53.0,53.0
papago147,45.0,63.0,63.0,63.0,63.0,63.0,61.0,61.0,56.0,56.0,61.0,61.0,61.0,61.0,58.0,56.0,56.0,56.0,56.0,56.0,56.0,58.0,56.0,56.0,56.0,54.0,54.0,51.0,54.0,54.0,54.0,54.0,54.0,54.0,51.0,51.0,51.0,51.0,51.0,51.0,51.0,51.0,51.0,49.0,49.0,51.0,51.0,51.0,51.0,51.0,51.0,51.0,51.0,51.0,51.0,51.0,58.0,58.0,58.0,58.0,58.0,56.0,56.0,56.0,54.0,54.0,51.0,51.0,51.0,51.0,54.0,54.0,54.0,51.0,54.0,51.0,51.0,51.0,51.0,51.0,51.0,51.0,51.0,49.0,49.0,51.0,51.0,51.0,51.0,49.0,49.0,49.0,51.0,51.0,51.0,51.0,51.0,51.0,51.0,51.0,51.0
papago148,81.0,52.0,52.0,52.0,61.0,59.0,57.0,57.0,57.0,52.0,59.0,59.0,59.0,59.0,57.0,57.0,57.0,57.0,57.0,57.0,52.0,50.0,50.0,50.0,50.0,47.0,50.0,47.0,52.0,52.0,47.0,52.0,52.0,52.0,52.0,52.0,52.0,57.0,54.0,59.0,59.0,54.0,59.0,59.0,57.0,57.0,57.0,57.0,57.0,57.0,52.0,52.0,50.0,50.0,50.0,47.0,57.0,57.0,57.0,57.0,52.0,47.0,47.0,52.0,52.0,50.0,52.0,52.0,52.0,52.0,52.0,52.0,57.0,57.0,54.0,59.0,54.0,59.0,59.0,59.0,57.0,57.0,57.0,56.0,54.0,52.0,50.0,50.0,50.0,47.0,47.0,50.0,47.0,52.0,50.0,52.0,52.0,52.0,52.0,52.0,52.0
papago149,38.0,53.0,53.0,53.0,60.0,60.0,60.0,60.0,60.0,60.0,60.0,58.0,56.0,56.0,56.0,58.0,58.0,58.0,58.0,58.0,58.0,58.0,56.0,56.0,56.0,58.0,58.0,58.0,60.0,60.0,60.0,58.0,58.0,56.0,53.0,51.0,51.0,51.0,53.0,53.0,53.0,53.0,53.0,53.0,51.0,51.0,51.0,51.0,56.0,56.0,56.0,58.0,58.0,58.0,58.0,58.0,56.0,56.0,51.0,51.0,51.0,53.0,53.0,53.0,53.0,53.0,53.0,51.0,51.0,51.0,51.0,51.0,53.0,51.0,56.0,56.0,56.0,56.0,56.0,56.0,51.0,51.0,48.0,48.0,48.0,53.0,53.0,53.0,53.0,53.0,53.0,53.0,53.0,53.0,53.0,53.0,53.0,53.0,53.0,53.0,53.0
papago150,56.0,60.0,60.0,60.0,60.0,60.0,60.0,60.0,60.0,58.0,55.0,55.0,55.0,55.0,55.0,55.0,55.0,58.0,58.0,58.0,58.0,58.0,58.0,58.0,55.0,55.0,53.0,53.0,51.0,51.0,51.0,51.0,48.0,51.0,51.0,48.0,51.0,51.0,51.0,51.0,51.0,51.0,51.0,51.0,51.0,51.0,55.0,58.0,58.0,58.0,58.0,58.0,58.0,55.0,55.0,55.0,55.0,55.0,53.0,55.0,53.0,53.0,51.0,48.0,48.0,48.0,48.0,48.0,48.0,48.0,58.0,58.0,58.0,58.0,55.0,53.0,55.0,53.0,51.0,51.0,51.0,48.0,48.0,51.0,51.0,51.0,51.0,51.0,51.0,51.0,51.0,51.0,51.0,51.0,51.0,51.0,51.0,51.0,51.0,51.0,51.0
papago151,42.0,52.0,52.0,52.0,52.0,52.0,59.0,60.0,60.0,60.0,60.0,60.0,60.0,59.0,59.0,59.0,59.0,59.0,55.0,54.0,59.0,59.0,59.0,59.0,59.0,59.0,59.0,59.0,59.0,59.0,59.0,59.0,59.0,55.0,55.0,55.0,55.0,55.0,55.0,54.0,54.0,54.0,55.0,55.0,55.0,55.0,59.0,60.0,60.0,60.0,60.0,59.0,59.0,55.0,55.0,55.0,55.0,54.0,52.0,52.0,55.0,55.0,55.0,55.0,54.0,55.0,55.0,54.0,54.0,54.0,52.0,52.0,52.0,52.0,52.0,47.0,47.0,55.0,54.0,52.0,52.0,52.0,52.0,52.0,47.0,47.0,52.0,52.0,52.0,52.0,52.0,52.0,52.0,52.0,52.0,52.0,52.0,52.0,52.0,52.0,52.0
papago152,47.0,51.0,51.0,51.0,58.0,58.0,58.0,58.0,58.0,58.0,58.0,58.0,58.0,58.0,56.0,53.0,56.0,56.0,56.0,56.0,56.0,56.0,53.0,53.0,53.0,58.0,58.0,58.0,58.0,58.0,58.0,56.0,56.0,53.0,53.0,53.0,53.0,53.0,53.0,51.0,51.0,51.0,48.0,48.0,53.0,53.0,53.0,53.0,51.0,48.0,51.0,51.0,51.0,51.0,51.0,48.0,48.0,48.0,56.0,56.0,56.0,56.0,56.0,53.0,53.0,51.0,48.0,53.0,53.0,53.0,53.0,51.0,51.0,51.0,48.0,53.0,53.0,53.0,53.0,51.0,51.0,51.0,48.0,48.0,46.0,46.0,51.0,51.0,51.0,51.0,51.0,51.0,48.0,48.0,51.0,51.0,51.0,51.0,51.0,51.0,51.0
papago153,56.5,66.0,66.0,64.0,64.0,62.0,62.0,57.0,57.0,59.0,59.0,59.0,57.0,57.0,57.0,57.0,57.0,57.0,57.0,57.0,57.0,62.0,62.0,64.0,64.0,64.0,64.0,64.0,64.0,64.0,62.0,59.0,59.0,57.0,57.0,54.0,54.0,52.0,52.0,52.0,52.0,52.0,52.0,52.0,52.0,52.0,59.0,59.0,62.0,62.0,62.0,62.0,62.0,59.0,59.0,54.0,54.0,57.0,54.0,54.0,57.0,57.0,57.0,57.0,54.0,52.0,52.0,57.0,57.0,57.0,57.0,57.0,57.0,57.0,57.0,52.0,52.0,52.0,52.0,59.0,59.0,57.0,57.0,54.0,54.0,52.0,52.0,52.0,52.0,52.0,50.0,50.0,47.0,47.0,47.0,52.0,52.0,52.0,52.0,52.0,52.0
papago154,45.0,62.0,62.0,62.0,59.0,59.0,64.0,64.0,64.0,64.0,64.0,64.0,59.0,59.0,59.0,57.0,57.0,59.0,59.0,59.0,59.0,59.0,59.0,62.0,62.0,62.0,59.0,59.0,57.0,57.0,57.0,57.0,57.0,57.0,57.0,57.0,57.0,57.0,57.0,57.0,57.0,59.0,59.0,59.0,59.0,59.0,59.0,59.0,57.0,57.0,62.0,62.0,59.0,59.0,59.0,59.0,59.0,59.0,59.0,57.0,57.0,57.0,57.0,52.0,52.0,50.0,50.0,47.0,47.0,47.0,50.0,50.0,52.0,52.0,52.0,52.0,57.0,57.0,54.0,54.0,54.0,50.0,50.0,52.0,52.0,52.0,52.0,52.0,52.0,52.0,52.0,52.0,52.0,52.0,52.0,52.0,52.0,52.0,52.0,52.0,52.0
papago155,35.0,66.0,66.0,66.0,66.0,66.0,66.0,64.0,64.0,64.0,62.0,62.0,62.0,66.0,66.0,66.0,64.0,64.0,62.0,62.0,62.0,57.0,57.0,57.0,59.0,59.0,59.0,59.0,59.0,57.0,59.0,59.0,59.0,59.0,59.0,57.0,57.0,57.0,54.0,54.0,54.0,59.0,59.0,59.0,59.0,59.0,57.0,59.0,59.0,59.0,59.0,59.0,57.0,57.0,57.0,54.0,54.0,54.0,59.0,59.0,59.0,59.0,59.0,59.0,59.0,59.0,59.0,57.0,57.0,54.0,54.0,54.0,59.0,59.0,59.0,57.0,57.0,57.0,57.0,54.0,54.0,57.0,57.0,57.0,57.0,57.0,57.0,57.0,57.0,57.0,57.0,57.0,57.0,57.0,57.0,57.0,57.0,57.0,57.0,57.0,57.0
papago156,65.0,66.0,66.0,66.0,66.0,64.0,62.0,62.0,62.0,62.0,59.0,59.0,57.0,57.0,64.0,64.0,64.0,64.0,66.0,66.0,66.0,64.0,64.0,64.0,62.0,62.0,62.0,57.0,57.0,57.0,54.0,54.0,52.0,57.0,57.0,57.0,54.0,59.0,57.0,57.0,57.0,57.0,57.0,57.0,57.0,57.0,64.0,64.0,64.0,64.0,64.0,64.0,64.0,59.0,59.0,62.0,62.0,62.0,62.0,62.0,59.0,57.0,57.0,57.0,59.0,59.0,59.0,59.0,59.0,57.0,64.0,64.0,62.0,62.0,57.0,57.0,57.0,57.0,52.0,52.0,52.0,57.0,57.0,54.0,59.0,57.0,57.0,57.0,57.0,57.0,54.0,57.0,57.0,57.0,57.0,57.0,57.0,57.0,57.0,57.0,57.0
papago157,41.0,58.0,58.0,58.0,67.0,67.0,67.0,67.0,67.0,65.0,65.0,65.0,65.0,63.0,67.0,67.0,65.0,63.0,63.0,63.0,63.0,58.0,58.0,63.0,63.0,63.0,58.0,58.0,58.0,58.0,58.0,58.0,58.0,58.0,58.0,63.0,63.0,63.0,63.0,63.0,63.0,63.0,63.0,67.0,67.0,65.0,65.0,65.0,65.0,65.0,65.0,65.0,65.0,65.0,63.0,63.0,63.0,63.0,60.0,60.0,60.0,60.0,58.0,58.0,55.0,55.0,55.0,58.0,58.0,58.0,58.0,58.0,55.0,55.0,63.0,63.0,63.0,63.0,60.0,60.0,60.0,60.0,60.0,60.0,58.0,58.0,58.0,58.0,55.0,55.0,53.0,58.0,58.0,58.0,58.0,58.0,58.0,58.0,58.0,58.0,58.0
papago158,48.0,58.0,58.0,58.0,67.0,67.0,67.0,67.0,65.0,65.0,67.0,67.0,63.0,63.0,60.0,60.0,58.0,58.0,63.0,63.0,65.0,65.0,65.0,65.0,63.0,63.0,67.0,67.0,65.0,65.0,65.0,65.0,60.0,60.0,58.0,58.0,58.0,63.0,63.0,63.0,63.0,58.0,58.0,60.0,60.0,55.0,55.0,58.0,58.0,58.0,58.0,55.0,53.0,53.0,53.0,58.0,58.0,58.0,58.0,58.0,58.0,58.0,58.0,67.0,67.0,65.0,65.0,63.0,63.0,63.0,60.0,60.0,63.0,63.0,63.0,63.0,60.0,60.0,58.0,58.0,60.0,60.0,63.0,63.0,63.0,63.0,58.0,58.0,60.0,58.0,58.0,58.0,53.0,51.0,51.0,51.0,58.0,58.0,58.0,58.0,58.0
papago159,51.0,65.0,65.0,65.0,65.0,63.0,63.0,61.0,61.0,61.0,61.0,58.0,58.0,56.0,56.0,56.0,56.0,65.0,65.0,65.0,61.0,61.0,61.0,65.0,65.0,63.0,63.0,61.0,61.0,56.0,56.0,58.0,58.0,58.0,58.0,58.0,53.0,53.0,58.0,58.0,58.0,58.0,56.0,56.0,53.0,53.0,51.0,51.0,51.0,51.0,51.0,56.0,56.0,56.0,58.0,58.0,58.0,58.0,53.0,53.0,56.0,56.0,56.0,56.0,56.0,56.0,56.0,56.0,56.0,51.0,51.0,58.0,58.0,58.0,58.0,56.0,56.0,53.0,53.0,58.0,58.0,58.0,58.0,56.0,56.0,58.0,58.0,58.0,58.0,56.0,56.0,53.0,51.0,56.0,56.0,56.0,56.0,56.0,56.0,56.0,56.0
papago160,30.0,53.0,53.0,53.0,53.0,53.0,53.0,53.0,57.0,57.0,57.0,55.0,55.0,55.0,55.0,55.0,55.0,55.0,57.0,57.0,57.0,57.0,57.0,57.0,57.0,55.0,55.0,55.0,53.0,53.0,53.0,53.0,53.0,50.0,55.0,55.0,55.0,55.0,55.0,55.0,55.0,55.0,55.0,55.0,53.0,53.0,53.0,53.0,50.0,50.0,50.0,48.0,48.0,48.0,48.0,48.0,48.0,48.0,48.0,48.0,48.0,48.0,48.0,48.0,48.0,48.0,53.0,53.0,53.0,53.0,53.0,53.0,48.0,48.0,53.0,53.0,53.0,53.0,53.0,53.0,53.0,53.0,53.0,53.0,53.0,53.0,53.0,53.0,53.0,53.0,53.0,53.0,53.0,53.0,53.0,53.0,53.0,53.0,53.0,53.0,53.0
papago161,50.0,57.0,57.0,57.0,57.0,64.0,64.0,64.0,64.0,62.0,62.0,62.0,62.0,59.0,57.0,62.0,59.0,62.0,62.0,62.0,62.0,59.0,59.0,57.0,57.0,57.0,57.0,64.0,64.0,64.0,64.0,62.0,62.0,62.0,62.0,59.0,59.0,59.0,57.0,59.0,59.0,59.0,54.0,57.0,57.0,57.0,57.0,54.0,54.0,52.0,52.0,52.0,52.0,62.0,62.0,62.0,59.0,62.0,62.0,62.0,62.0,59.0,59.0,59.0,57.0,59.0,59.0,59.0,54.0,57.0,57.0,57.0,57.0,54.0,52.0,52.0,52.0,57.0,57.0,59.0,59.0,57.0,54.0,54.0,54.0,50.0,50.0,57.0,54.0,57.0,57.0,57.0,57.0,57.0,57.0,57.0,57.0,57.0,57.0,57.0,57.0
papago162,36.25,55.0,55.0,55.0,55.0,59.0,59.0,57.0,59.0,57.0,57.0,57.0,57.0,55.0,55.0,52.0,55.0,55.0,55.0,52.0,52.0,52.0,52.0,52.0,57.0,57.0,55.0,57.0,57.0,55.0,55.0,55.0,52.0,52.0,52.0,57.0,55.0,55.0,57.0,55.0,55.0,55.0,52.0,55.0,55.0,55.0,52.0,52.0,52.0,52.0,52.0,55.0,55.0,55.0,57.0,57.0,57.0,57.0,57.0,55.0,57.0,57.0,55.0,55.0,52.0,55.0,55.0,52.0,52.0,52.0,52.0,52.0,52.0,57.0,57.0,55.0,57.0,57.0,55.0,55.0,55.0,52.0,52.0,52.0,57.0,55.0,55.0,57.0,55.0,55.0,55.0,55.0,55.0,55.0,52.0,52.0,52.0,52.0,52.0,52.0,52.0
papago163,23.0,52.0,52.0,52.0,52.0,59.0,59.0,59.0,59.0,54.0,57.0,57.0,57.0,57.0,54.0,54.0,54.0,54.0,52.0,54.0,54.0,54.0,57.0,57.0,57.0,57.0,52.0,54.0,54.0,54.0,54.0,54.0,52.0,52.0,52.0,52.0,54.0,54.0,54.0,52.0,54.0,52.0,54.0,54.0,54.0,52.0,52.0,52.0,52.0,52.0,52.0,54.0,54.0,54.0,54.0,54.0,54.0,54.0,54.0,49.0,54.0,54.0,54.0,54.0,54.0,54.0,54.0,52.0,54.0,52.0,52.0,52.0,52.0,52.0,49.0,54.0,52.0,52.0,52.0,52.0,52.0,52.0,50.0,54.0,54.0,54.0,54.0,54.0,52.0,52.0,52.0,52.0,52.0,52.0,52.0,52.0,52.0,52.0,52.0,52.0,52.0
papago164,32.5,53.0,53.0,53.0,53.0,60.0,60.0,60.0,60.0,60.0,60.0,60.0,60.0,60.0,55.0,55.0,55.0,58.0,55.0,55.0,58.0,58.0,58.0,58.0,55.0,55.0,58.0,58.0,58.0,60.0,55.0,55.0,55.0,53.0,53.0,53.0,53.0,53.0,53.0,53.0,53.0,53.0,53.0,53.0,53.0,53.0,53.0,53.0,53.0,58.0,58.0,58.0,58.0,58.0,58.0,58.0,58.0,58.0,55.0,55.0,55.0,50.0,55.0,55.0,55.0,55.0,55.0,53.0,53.0,53.0,53.0,53.0,53.0,53.0,53.0,53.0,53.0,53.0,53.0,53.0,53.0,53.0,53.0,53.0,53.0,53.0,53.0,53.0,53.0,53.0,53.0,53.0,53.0,53.0,53.0,53.0,53.0,53.0,53.0,53.0,53.0
papago165,17.0,57.0,57.0,57.0,64.0,64.0,64.0,64.0,64.0,64.0,64.0,64.0,60.0,60.0,60.0,60.0,60.0,60.0,60.0,60.0,60.0,60.0,64.0,64.0,64.0,60.0,60.0,60.0,60.0,59.0,59.0,57.0,57.0,57.0,53.0,53.0,57.0,57.0,57.0,57.0,57.0,57.0,53.0,53.0,53.0,53.0,53.0,57.0,53.0,53.0,53.0,57.0,57.0,57.0,57.0,57.0,57.0,57.0,57.0,57.0,57.0,57.0,57.0,60.0,60.0,60.0,60.0,59.0,57.0,57.0,57.0,53.0,53.0,53.0,53.0,53.0,53.0,57.0,57.0,57.0,53.0,53.0,53.0,57.0,57.0,57.0,57.0,57.0,57.0,57.0,57.0,57.0,57.0,57.0,57.0,57.0,57.0,57.0,57.0,57.0,57.0
papago166,34.5,54.0,54.0,54.0,61.0,61.0,61.0,61.0,61.0,61.0,61.0,61.0,61.0,61.0,61.0,61.0,61.0,61.0,61.0,63.0,61.0,61.0,59.0,56.0,56.0,56.0,56.0,51.0,51.0,51.0,51.0,51.0,51.0,51.0,51.0,56.0,56.0,56.0,56.0,56.0,56.0,56.0,59.0,59.0,59.0,59.0,59.0,56.0,56.0,56.0,56.0,56.0,56.0,56.0,56.0,51.0,51.0,51.0,51.0,47.0,47.0,47.0,56.0,56.0,56.0,56.0,56.0,56.0,56.0,59.0,59.0,59.0,59.0,59.0,59.0,56.0,56.0,56.0,56.0,56.0,54.0,54.0,51.0,51.0,51.0,51.0,47.0,47.0,47.0,51.0,51.0,51.0,51.0,54.0,54.0,54.0,54.0,54.0,54.0,54.0,54.0
papago167,52.5,52.0,52.0,55.0,55.0,55.0,55.0,55.0,55.0,55.0,55.0,55.0,54.0,55.0,54.0,52.0,52.0,52.0,48.0,48.0,52.0,52.0,52.0,52.0,52.0,52.0,48.0,52.0,52.0,52.0,52.0,52.0,52.0,52.0,55.0,55.0,55.0,55.0,55.0,55.0,55.0,55.0,55.0,54.0,55.0,54.0,52.0,52.0,52.0,52.0,48.0,52.0,52.0,52.0,52.0,52.0,52.0,48.0,52.0,52.0,52.0,52.0,52.0,52.0,52.0,52.0,55.0,55.0,54.0,52.0,52.0,55.0,55.0,55.0,52.0,55.0,54.0,52.0,52.0,52.0,52.0,50.0,52.0,52.0,52.0,52.0,52.0,54.0,52.0,50.0,50.0,50.0,47.0,50.0,50.0,50.0,50.0,50.0,50.0,50.0,50.0
papago168,11.0,88.0,88.0,88.0,88.0,88.0,88.0,88.0,88.0,88.0,71.0,71.0,71.0,73.0,73.0,75.0,75.0,75.0,75.0,75.0,75.0,75.0,73.0,73.0,75.0,75.0,75.0,75.0,75.0,75.0,75.0,73.0,73.0,71.0,71.0,71.0,71.0,73.0,73.0,73.0,73.0,75.0,73.0,73.0,71.0,71.0,73.0,73.0,73.0,73.0,75.0,73.0,73.0,71.0,71.0,71.0,71.0,71.0,71.0,71.0,71.0,71.0,71.0,71.0,71.0,71.0,71.0,71.0,71.0,71.0,71.0,71.0,71.0,71.0,71.0,71.0,71.0,71.0,71.0,71.0,71.0,71.0,71.0,71.0,71.0,71.0,73.0,71.0,71.0,68.0,68.0,71.0,71.0,71.0,71.0,73.0,71.0,71.0,68.0,68.0,68.0
